[{"model": "admin.logentry", "pk": 1, "fields": {"action_time": "2023-06-18T15:33:01.101Z", "user": 1, "content_type": 7, "object_id": "1", "object_repr": "Blog object (1)", "action_flag": 1, "change_message": "[{\"added\": {}}]"}}, {"model": "admin.logentry", "pk": 2, "fields": {"action_time": "2023-06-18T15:33:13.285Z", "user": 1, "content_type": 7, "object_id": "1", "object_repr": "Blog object (1)", "action_flag": 2, "change_message": "[]"}}, {"model": "admin.logentry", "pk": 3, "fields": {"action_time": "2023-06-18T15:34:37.288Z", "user": 1, "content_type": 7, "object_id": "2", "object_repr": "Blog object (2)", "action_flag": 1, "change_message": "[{\"added\": {}}]"}}, {"model": "admin.logentry", "pk": 4, "fields": {"action_time": "2023-06-18T16:05:28.932Z", "user": 1, "content_type": 8, "object_id": "1", "object_repr": "Project object (1)", "action_flag": 1, "change_message": "[{\"added\": {}}]"}}, {"model": "admin.logentry", "pk": 5, "fields": {"action_time": "2023-06-18T16:06:06.709Z", "user": 1, "content_type": 8, "object_id": "2", "object_repr": "Project object (2)", "action_flag": 1, "change_message": "[{\"added\": {}}]"}}, {"model": "admin.logentry", "pk": 6, "fields": {"action_time": "2023-06-19T09:19:41.509Z", "user": 1, "content_type": 8, "object_id": "3", "object_repr": "Project object (3)", "action_flag": 1, "change_message": "[{\"added\": {}}]"}}, {"model": "admin.logentry", "pk": 7, "fields": {"action_time": "2023-06-19T10:01:26.714Z", "user": 1, "content_type": 8, "object_id": "4", "object_repr": "Project object (4)", "action_flag": 1, "change_message": "[{\"added\": {}}]"}}, {"model": "admin.logentry", "pk": 8, "fields": {"action_time": "2023-06-19T10:05:26.223Z", "user": 1, "content_type": 8, "object_id": "3", "object_repr": "Project object (3)", "action_flag": 2, "change_message": "[{\"changed\": {\"fields\": [\"Tag\"]}}]"}}, {"model": "admin.logentry", "pk": 9, "fields": {"action_time": "2023-06-19T10:05:38.154Z", "user": 1, "content_type": 8, "object_id": "2", "object_repr": "Project object (2)", "action_flag": 2, "change_message": "[{\"changed\": {\"fields\": [\"Tag\"]}}]"}}, {"model": "admin.logentry", "pk": 10, "fields": {"action_time": "2023-06-19T10:06:25.218Z", "user": 1, "content_type": 8, "object_id": "1", "object_repr": "Project object (1)", "action_flag": 2, "change_message": "[{\"changed\": {\"fields\": [\"Service\", \"Tag\"]}}]"}}, {"model": "admin.logentry", "pk": 11, "fields": {"action_time": "2023-06-19T18:24:32.358Z", "user": 1, "content_type": 8, "object_id": "1", "object_repr": "Project object (1)", "action_flag": 2, "change_message": "[{\"changed\": {\"fields\": [\"Tag\"]}}]"}}, {"model": "admin.logentry", "pk": 12, "fields": {"action_time": "2023-06-19T18:24:45.314Z", "user": 1, "content_type": 8, "object_id": "2", "object_repr": "Project object (2)", "action_flag": 2, "change_message": "[{\"changed\": {\"fields\": [\"Tag\"]}}]"}}, {"model": "admin.logentry", "pk": 13, "fields": {"action_time": "2023-06-19T18:25:03.612Z", "user": 1, "content_type": 8, "object_id": "3", "object_repr": "Project object (3)", "action_flag": 2, "change_message": "[{\"changed\": {\"fields\": [\"Tag\"]}}]"}}, {"model": "admin.logentry", "pk": 14, "fields": {"action_time": "2023-06-19T18:25:40.868Z", "user": 1, "content_type": 8, "object_id": "4", "object_repr": "Project object (4)", "action_flag": 2, "change_message": "[{\"changed\": {\"fields\": [\"Service\", \"Tag\"]}}]"}}, {"model": "admin.logentry", "pk": 15, "fields": {"action_time": "2023-06-19T18:27:26.925Z", "user": 1, "content_type": 8, "object_id": "4", "object_repr": "Project object (4)", "action_flag": 2, "change_message": "[{\"changed\": {\"fields\": [\"Tag\"]}}]"}}, {"model": "admin.logentry", "pk": 16, "fields": {"action_time": "2023-06-19T18:29:58.230Z", "user": 1, "content_type": 8, "object_id": "4", "object_repr": "Project object (4)", "action_flag": 2, "change_message": "[]"}}, {"model": "admin.logentry", "pk": 17, "fields": {"action_time": "2023-06-19T18:31:33.939Z", "user": 1, "content_type": 8, "object_id": "4", "object_repr": "Project object (4)", "action_flag": 2, "change_message": "[{\"changed\": {\"fields\": [\"Tag\"]}}]"}}, {"model": "admin.logentry", "pk": 18, "fields": {"action_time": "2023-06-19T18:32:43.775Z", "user": 1, "content_type": 8, "object_id": "4", "object_repr": "Project object (4)", "action_flag": 2, "change_message": "[{\"changed\": {\"fields\": [\"Service\", \"Min budget\", \"Max budget\", \"Content\"]}}]"}}, {"model": "admin.logentry", "pk": 19, "fields": {"action_time": "2023-06-20T09:05:26.132Z", "user": 1, "content_type": 12, "object_id": "1", "object_repr": "Service object (1)", "action_flag": 1, "change_message": "[{\"added\": {}}]"}}, {"model": "admin.logentry", "pk": 20, "fields": {"action_time": "2023-06-20T09:07:08.895Z", "user": 1, "content_type": 12, "object_id": "2", "object_repr": "Service object (2)", "action_flag": 1, "change_message": "[{\"added\": {}}]"}}, {"model": "admin.logentry", "pk": 21, "fields": {"action_time": "2023-06-20T09:21:57.722Z", "user": 1, "content_type": 8, "object_id": "4", "object_repr": "Project object (4)", "action_flag": 2, "change_message": "[{\"changed\": {\"fields\": [\"Service\"]}}]"}}, {"model": "admin.logentry", "pk": 22, "fields": {"action_time": "2023-06-20T09:25:31.974Z", "user": 1, "content_type": 12, "object_id": "3", "object_repr": "LAND SERVICES", "action_flag": 1, "change_message": "[{\"added\": {}}]"}}, {"model": "admin.logentry", "pk": 23, "fields": {"action_time": "2023-06-20T09:26:07.353Z", "user": 1, "content_type": 12, "object_id": "4", "object_repr": "CIVIL ENGINEERING SERVICES", "action_flag": 1, "change_message": "[{\"added\": {}}]"}}, {"model": "admin.logentry", "pk": 24, "fields": {"action_time": "2023-06-20T09:26:58.122Z", "user": 1, "content_type": 12, "object_id": "5", "object_repr": "LOGISTICS AND COURIER SERVICES", "action_flag": 1, "change_message": "[{\"added\": {}}]"}}, {"model": "admin.logentry", "pk": 25, "fields": {"action_time": "2023-06-20T09:27:51.541Z", "user": 1, "content_type": 12, "object_id": "6", "object_repr": "FOOD AND FARMS", "action_flag": 1, "change_message": "[{\"added\": {}}]"}}, {"model": "admin.logentry", "pk": 26, "fields": {"action_time": "2023-06-20T09:28:16.763Z", "user": 1, "content_type": 12, "object_id": "1", "object_repr": "REAL ESTATE SERVICES", "action_flag": 2, "change_message": "[{\"changed\": {\"fields\": [\"Popularity\"]}}]"}}, {"model": "admin.logentry", "pk": 27, "fields": {"action_time": "2023-06-20T09:28:34.209Z", "user": 1, "content_type": 12, "object_id": "5", "object_repr": "LOGISTICS AND COURIER SERVICES", "action_flag": 2, "change_message": "[{\"changed\": {\"fields\": [\"Popularity\"]}}]"}}, {"model": "admin.logentry", "pk": 28, "fields": {"action_time": "2023-06-20T09:28:44.648Z", "user": 1, "content_type": 12, "object_id": "2", "object_repr": "WEB DEVELOPMENT / BUSINESS AUTOMATION", "action_flag": 2, "change_message": "[{\"changed\": {\"fields\": [\"Popularity\"]}}]"}}, {"model": "admin.logentry", "pk": 29, "fields": {"action_time": "2023-06-20T09:29:04.751Z", "user": 1, "content_type": 12, "object_id": "6", "object_repr": "FOOD AND FARMS", "action_flag": 2, "change_message": "[{\"changed\": {\"fields\": [\"Popularity\"]}}]"}}, {"model": "admin.logentry", "pk": 30, "fields": {"action_time": "2023-06-20T09:29:35.139Z", "user": 1, "content_type": 8, "object_id": "4", "object_repr": "Project object (4)", "action_flag": 2, "change_message": "[]"}}, {"model": "admin.logentry", "pk": 31, "fields": {"action_time": "2023-06-20T09:29:44.685Z", "user": 1, "content_type": 8, "object_id": "3", "object_repr": "Project object (3)", "action_flag": 2, "change_message": "[{\"changed\": {\"fields\": [\"Service\"]}}]"}}, {"model": "admin.logentry", "pk": 32, "fields": {"action_time": "2023-06-20T09:29:53.762Z", "user": 1, "content_type": 8, "object_id": "2", "object_repr": "Project object (2)", "action_flag": 2, "change_message": "[{\"changed\": {\"fields\": [\"Service\"]}}]"}}, {"model": "admin.logentry", "pk": 33, "fields": {"action_time": "2023-06-20T09:30:03.824Z", "user": 1, "content_type": 8, "object_id": "1", "object_repr": "Project object (1)", "action_flag": 2, "change_message": "[{\"changed\": {\"fields\": [\"Service\"]}}]"}}, {"model": "admin.logentry", "pk": 34, "fields": {"action_time": "2023-06-20T09:47:34.292Z", "user": 1, "content_type": 9, "object_id": "1", "object_repr": "CustomerReview object (1)", "action_flag": 1, "change_message": "[{\"added\": {}}]"}}, {"model": "admin.logentry", "pk": 35, "fields": {"action_time": "2023-06-20T09:48:10.957Z", "user": 1, "content_type": 9, "object_id": "2", "object_repr": "CustomerReview object (2)", "action_flag": 1, "change_message": "[{\"added\": {}}]"}}, {"model": "admin.logentry", "pk": 36, "fields": {"action_time": "2023-06-20T09:48:44.911Z", "user": 1, "content_type": 9, "object_id": "3", "object_repr": "CustomerReview object (3)", "action_flag": 1, "change_message": "[{\"added\": {}}]"}}, {"model": "admin.logentry", "pk": 37, "fields": {"action_time": "2023-06-20T09:50:35.230Z", "user": 1, "content_type": 10, "object_id": "1", "object_repr": "Employee object (1)", "action_flag": 1, "change_message": "[{\"added\": {}}]"}}, {"model": "admin.logentry", "pk": 38, "fields": {"action_time": "2023-06-20T09:52:08.281Z", "user": 1, "content_type": 10, "object_id": "2", "object_repr": "Employee object (2)", "action_flag": 1, "change_message": "[{\"added\": {}}]"}}, {"model": "admin.logentry", "pk": 39, "fields": {"action_time": "2023-06-20T09:55:28.865Z", "user": 1, "content_type": 11, "object_id": "1", "object_repr": "HomeSlider object (1)", "action_flag": 1, "change_message": "[{\"added\": {}}]"}}, {"model": "admin.logentry", "pk": 40, "fields": {"action_time": "2023-06-20T09:57:35.482Z", "user": 1, "content_type": 11, "object_id": "2", "object_repr": "HomeSlider object (2)", "action_flag": 1, "change_message": "[{\"added\": {}}]"}}, {"model": "admin.logentry", "pk": 41, "fields": {"action_time": "2023-06-20T10:01:31.823Z", "user": 1, "content_type": 13, "object_id": "1", "object_repr": "PartnerSlider object (1)", "action_flag": 1, "change_message": "[{\"added\": {}}]"}}, {"model": "admin.logentry", "pk": 42, "fields": {"action_time": "2023-06-20T10:01:49.372Z", "user": 1, "content_type": 13, "object_id": "2", "object_repr": "PartnerSlider object (2)", "action_flag": 1, "change_message": "[{\"added\": {}}]"}}, {"model": "admin.logentry", "pk": 43, "fields": {"action_time": "2023-06-20T11:01:44.427Z", "user": 1, "content_type": 8, "object_id": "1", "object_repr": "Project object (1)", "action_flag": 2, "change_message": "[{\"changed\": {\"fields\": [\"Service\"]}}]"}}, {"model": "admin.logentry", "pk": 44, "fields": {"action_time": "2023-06-20T12:04:47.659Z", "user": 1, "content_type": 13, "object_id": "3", "object_repr": "PartnerSlider object (3)", "action_flag": 1, "change_message": "[{\"added\": {}}]"}}, {"model": "admin.logentry", "pk": 45, "fields": {"action_time": "2023-06-20T14:34:20.434Z", "user": 1, "content_type": 11, "object_id": "3", "object_repr": "HomeSlider object (3)", "action_flag": 1, "change_message": "[{\"added\": {}}]"}}, {"model": "admin.logentry", "pk": 46, "fields": {"action_time": "2023-06-21T07:49:50.270Z", "user": 1, "content_type": 11, "object_id": "4", "object_repr": "HomeSlider object (4)", "action_flag": 1, "change_message": "[{\"added\": {}}]"}}, {"model": "admin.logentry", "pk": 47, "fields": {"action_time": "2023-06-21T08:30:33.051Z", "user": 1, "content_type": 11, "object_id": "4", "object_repr": "HomeSlider object (4)", "action_flag": 3, "change_message": ""}}, {"model": "admin.logentry", "pk": 48, "fields": {"action_time": "2023-06-21T08:44:27.470Z", "user": 1, "content_type": 15, "object_id": "1", "object_repr": "ihjsdhjdsjkd", "action_flag": 1, "change_message": "[{\"added\": {}}]"}}, {"model": "admin.logentry", "pk": 49, "fields": {"action_time": "2023-06-21T08:45:12.479Z", "user": 1, "content_type": 15, "object_id": "2", "object_repr": "kjdffkfd", "action_flag": 1, "change_message": "[{\"added\": {}}]"}}, {"model": "admin.logentry", "pk": 50, "fields": {"action_time": "2023-06-21T08:45:35.424Z", "user": 1, "content_type": 8, "object_id": "4", "object_repr": "Project object (4)", "action_flag": 2, "change_message": "[{\"changed\": {\"fields\": [\"Sub service\"]}}]"}}, {"model": "admin.logentry", "pk": 51, "fields": {"action_time": "2023-06-21T08:45:44.145Z", "user": 1, "content_type": 8, "object_id": "3", "object_repr": "Project object (3)", "action_flag": 2, "change_message": "[{\"changed\": {\"fields\": [\"Sub service\"]}}]"}}, {"model": "admin.logentry", "pk": 52, "fields": {"action_time": "2023-06-21T08:45:55.087Z", "user": 1, "content_type": 8, "object_id": "2", "object_repr": "Project object (2)", "action_flag": 2, "change_message": "[{\"changed\": {\"fields\": [\"Sub service\"]}}]"}}, {"model": "admin.logentry", "pk": 53, "fields": {"action_time": "2023-06-21T08:47:47.877Z", "user": 1, "content_type": 8, "object_id": "1", "object_repr": "Project object (1)", "action_flag": 2, "change_message": "[{\"changed\": {\"fields\": [\"Sub service\", \"Content\"]}}]"}}, {"model": "admin.logentry", "pk": 54, "fields": {"action_time": "2023-06-21T10:37:36.733Z", "user": 1, "content_type": 15, "object_id": "3", "object_repr": "new one", "action_flag": 1, "change_message": "[{\"added\": {}}]"}}, {"model": "admin.logentry", "pk": 55, "fields": {"action_time": "2023-06-21T10:39:13.988Z", "user": 1, "content_type": 15, "object_id": "4", "object_repr": "real one", "action_flag": 1, "change_message": "[{\"added\": {}}]"}}, {"model": "admin.logentry", "pk": 56, "fields": {"action_time": "2023-06-21T10:45:35.958Z", "user": 1, "content_type": 15, "object_id": "2", "object_repr": "kjdffkfd", "action_flag": 2, "change_message": "[{\"changed\": {\"fields\": [\"Service\"]}}]"}}, {"model": "admin.logentry", "pk": 57, "fields": {"action_time": "2023-06-21T10:45:54.006Z", "user": 1, "content_type": 15, "object_id": "1", "object_repr": "ihjsdhjdsjkd", "action_flag": 2, "change_message": "[{\"changed\": {\"fields\": [\"Service\"]}}]"}}, {"model": "admin.logentry", "pk": 58, "fields": {"action_time": "2023-06-21T12:28:55.932Z", "user": 1, "content_type": 15, "object_id": "4", "object_repr": "real one", "action_flag": 2, "change_message": "[{\"changed\": {\"fields\": [\"Slug\"]}}]"}}, {"model": "admin.logentry", "pk": 59, "fields": {"action_time": "2023-06-21T12:29:07.345Z", "user": 1, "content_type": 15, "object_id": "3", "object_repr": "new one", "action_flag": 2, "change_message": "[{\"changed\": {\"fields\": [\"Slug\"]}}]"}}, {"model": "admin.logentry", "pk": 60, "fields": {"action_time": "2023-06-21T12:29:17.969Z", "user": 1, "content_type": 15, "object_id": "2", "object_repr": "kjdffkfd", "action_flag": 2, "change_message": "[{\"changed\": {\"fields\": [\"Slug\"]}}]"}}, {"model": "admin.logentry", "pk": 61, "fields": {"action_time": "2023-06-21T12:29:32.406Z", "user": 1, "content_type": 15, "object_id": "1", "object_repr": "ihjsdhjdsjkd", "action_flag": 2, "change_message": "[{\"changed\": {\"fields\": [\"Slug\"]}}]"}}, {"model": "admin.logentry", "pk": 62, "fields": {"action_time": "2023-06-21T12:54:46.740Z", "user": 1, "content_type": 7, "object_id": "2", "object_repr": "Blog object (2)", "action_flag": 2, "change_message": "[{\"changed\": {\"fields\": [\"Slug\"]}}]"}}, {"model": "admin.logentry", "pk": 63, "fields": {"action_time": "2023-06-21T12:54:56.050Z", "user": 1, "content_type": 8, "object_id": "4", "object_repr": "Project object (4)", "action_flag": 2, "change_message": "[{\"changed\": {\"fields\": [\"Slug\"]}}]"}}, {"model": "admin.logentry", "pk": 64, "fields": {"action_time": "2023-06-21T12:55:10.834Z", "user": 1, "content_type": 7, "object_id": "1", "object_repr": "Blog object (1)", "action_flag": 2, "change_message": "[{\"changed\": {\"fields\": [\"Slug\"]}}]"}}, {"model": "admin.logentry", "pk": 65, "fields": {"action_time": "2023-06-21T12:55:23.978Z", "user": 1, "content_type": 8, "object_id": "3", "object_repr": "Project object (3)", "action_flag": 2, "change_message": "[{\"changed\": {\"fields\": [\"Slug\"]}}]"}}, {"model": "admin.logentry", "pk": 66, "fields": {"action_time": "2023-06-21T12:55:36.140Z", "user": 1, "content_type": 8, "object_id": "2", "object_repr": "Project object (2)", "action_flag": 2, "change_message": "[{\"changed\": {\"fields\": [\"Slug\"]}}]"}}, {"model": "admin.logentry", "pk": 67, "fields": {"action_time": "2023-06-21T12:56:11.277Z", "user": 1, "content_type": 8, "object_id": "1", "object_repr": "Project object (1)", "action_flag": 2, "change_message": "[{\"changed\": {\"fields\": [\"Slug\"]}}]"}}, {"model": "admin.logentry", "pk": 68, "fields": {"action_time": "2023-06-21T14:30:04.408Z", "user": 1, "content_type": 7, "object_id": "1", "object_repr": "First blog post First blog post First blog post First blog post First blog post First blog post", "action_flag": 2, "change_message": "[{\"changed\": {\"fields\": [\"Title\"]}}]"}}, {"model": "admin.logentry", "pk": 69, "fields": {"action_time": "2023-06-21T14:40:14.504Z", "user": 1, "content_type": 7, "object_id": "1", "object_repr": "First blog post First blog post First blog post First blog post First blog post First blog post", "action_flag": 2, "change_message": "[]"}}, {"model": "admin.logentry", "pk": 70, "fields": {"action_time": "2023-06-21T14:45:01.570Z", "user": 1, "content_type": 7, "object_id": "1", "object_repr": "First blog post First blog post First blog post First blog post First blog post First blog post one", "action_flag": 2, "change_message": "[{\"changed\": {\"fields\": [\"Title\"]}}]"}}, {"model": "admin.logentry", "pk": 71, "fields": {"action_time": "2023-06-21T14:48:53.892Z", "user": 1, "content_type": 7, "object_id": "3", "object_repr": "dshhjds", "action_flag": 1, "change_message": "[{\"added\": {}}]"}}, {"model": "admin.logentry", "pk": 72, "fields": {"action_time": "2023-06-21T14:49:11.654Z", "user": 1, "content_type": 7, "object_id": "3", "object_repr": "dshhjds dmhjhjmds", "action_flag": 2, "change_message": "[{\"changed\": {\"fields\": [\"Title\"]}}]"}}, {"model": "admin.logentry", "pk": 73, "fields": {"action_time": "2023-06-21T14:54:32.555Z", "user": 1, "content_type": 7, "object_id": "3", "object_repr": "dshhjds dmhjhjmds nm", "action_flag": 2, "change_message": "[{\"changed\": {\"fields\": [\"Title\"]}}]"}}, {"model": "admin.logentry", "pk": 74, "fields": {"action_time": "2023-06-21T14:54:53.615Z", "user": 1, "content_type": 7, "object_id": "1", "object_repr": "First blog post First blog post First blog post First blog post First blog post First blog post one", "action_flag": 2, "change_message": "[]"}}, {"model": "admin.logentry", "pk": 75, "fields": {"action_time": "2023-06-21T14:55:12.018Z", "user": 1, "content_type": 7, "object_id": "1", "object_repr": "First blog post", "action_flag": 2, "change_message": "[{\"changed\": {\"fields\": [\"Title\"]}}]"}}, {"model": "admin.logentry", "pk": 76, "fields": {"action_time": "2023-06-21T15:38:32.507Z", "user": 1, "content_type": 7, "object_id": "2", "object_repr": "Second blog post", "action_flag": 2, "change_message": "[{\"changed\": {\"fields\": [\"Content\"]}}]"}}, {"model": "admin.logentry", "pk": 77, "fields": {"action_time": "2023-06-21T17:49:14.979Z", "user": 1, "content_type": 16, "object_id": "1", "object_repr": "product one", "action_flag": 1, "change_message": "[{\"added\": {}}]"}}, {"model": "admin.logentry", "pk": 78, "fields": {"action_time": "2023-06-21T17:54:27.483Z", "user": 1, "content_type": 16, "object_id": "1", "object_repr": "product one", "action_flag": 2, "change_message": "[]"}}, {"model": "admin.logentry", "pk": 79, "fields": {"action_time": "2023-06-21T17:54:55.390Z", "user": 1, "content_type": 16, "object_id": "2", "object_repr": "Product two", "action_flag": 1, "change_message": "[{\"added\": {}}]"}}, {"model": "admin.logentry", "pk": 80, "fields": {"action_time": "2023-06-21T17:56:42.973Z", "user": 1, "content_type": 16, "object_id": "3", "object_repr": "Top product", "action_flag": 1, "change_message": "[{\"added\": {}}]"}}, {"model": "admin.logentry", "pk": 81, "fields": {"action_time": "2023-06-21T17:57:19.957Z", "user": 1, "content_type": 16, "object_id": "4", "object_repr": "bla bla", "action_flag": 1, "change_message": "[{\"added\": {}}]"}}, {"model": "auth.permission", "pk": 1, "fields": {"name": "Can add log entry", "content_type": 1, "codename": "add_logentry"}}, {"model": "auth.permission", "pk": 2, "fields": {"name": "Can change log entry", "content_type": 1, "codename": "change_logentry"}}, {"model": "auth.permission", "pk": 3, "fields": {"name": "Can delete log entry", "content_type": 1, "codename": "delete_logentry"}}, {"model": "auth.permission", "pk": 4, "fields": {"name": "Can view log entry", "content_type": 1, "codename": "view_logentry"}}, {"model": "auth.permission", "pk": 5, "fields": {"name": "Can add permission", "content_type": 2, "codename": "add_permission"}}, {"model": "auth.permission", "pk": 6, "fields": {"name": "Can change permission", "content_type": 2, "codename": "change_permission"}}, {"model": "auth.permission", "pk": 7, "fields": {"name": "Can delete permission", "content_type": 2, "codename": "delete_permission"}}, {"model": "auth.permission", "pk": 8, "fields": {"name": "Can view permission", "content_type": 2, "codename": "view_permission"}}, {"model": "auth.permission", "pk": 9, "fields": {"name": "Can add group", "content_type": 3, "codename": "add_group"}}, {"model": "auth.permission", "pk": 10, "fields": {"name": "Can change group", "content_type": 3, "codename": "change_group"}}, {"model": "auth.permission", "pk": 11, "fields": {"name": "Can delete group", "content_type": 3, "codename": "delete_group"}}, {"model": "auth.permission", "pk": 12, "fields": {"name": "Can view group", "content_type": 3, "codename": "view_group"}}, {"model": "auth.permission", "pk": 13, "fields": {"name": "Can add user", "content_type": 4, "codename": "add_user"}}, {"model": "auth.permission", "pk": 14, "fields": {"name": "Can change user", "content_type": 4, "codename": "change_user"}}, {"model": "auth.permission", "pk": 15, "fields": {"name": "Can delete user", "content_type": 4, "codename": "delete_user"}}, {"model": "auth.permission", "pk": 16, "fields": {"name": "Can view user", "content_type": 4, "codename": "view_user"}}, {"model": "auth.permission", "pk": 17, "fields": {"name": "Can add content type", "content_type": 5, "codename": "add_contenttype"}}, {"model": "auth.permission", "pk": 18, "fields": {"name": "Can change content type", "content_type": 5, "codename": "change_contenttype"}}, {"model": "auth.permission", "pk": 19, "fields": {"name": "Can delete content type", "content_type": 5, "codename": "delete_contenttype"}}, {"model": "auth.permission", "pk": 20, "fields": {"name": "Can view content type", "content_type": 5, "codename": "view_contenttype"}}, {"model": "auth.permission", "pk": 21, "fields": {"name": "Can add session", "content_type": 6, "codename": "add_session"}}, {"model": "auth.permission", "pk": 22, "fields": {"name": "Can change session", "content_type": 6, "codename": "change_session"}}, {"model": "auth.permission", "pk": 23, "fields": {"name": "Can delete session", "content_type": 6, "codename": "delete_session"}}, {"model": "auth.permission", "pk": 24, "fields": {"name": "Can view session", "content_type": 6, "codename": "view_session"}}, {"model": "auth.permission", "pk": 25, "fields": {"name": "Can add blog", "content_type": 7, "codename": "add_blog"}}, {"model": "auth.permission", "pk": 26, "fields": {"name": "Can change blog", "content_type": 7, "codename": "change_blog"}}, {"model": "auth.permission", "pk": 27, "fields": {"name": "Can delete blog", "content_type": 7, "codename": "delete_blog"}}, {"model": "auth.permission", "pk": 28, "fields": {"name": "Can view blog", "content_type": 7, "codename": "view_blog"}}, {"model": "auth.permission", "pk": 29, "fields": {"name": "Can add project", "content_type": 8, "codename": "add_project"}}, {"model": "auth.permission", "pk": 30, "fields": {"name": "Can change project", "content_type": 8, "codename": "change_project"}}, {"model": "auth.permission", "pk": 31, "fields": {"name": "Can delete project", "content_type": 8, "codename": "delete_project"}}, {"model": "auth.permission", "pk": 32, "fields": {"name": "Can view project", "content_type": 8, "codename": "view_project"}}, {"model": "auth.permission", "pk": 33, "fields": {"name": "Can add customer review", "content_type": 9, "codename": "add_customerreview"}}, {"model": "auth.permission", "pk": 34, "fields": {"name": "Can change customer review", "content_type": 9, "codename": "change_customerreview"}}, {"model": "auth.permission", "pk": 35, "fields": {"name": "Can delete customer review", "content_type": 9, "codename": "delete_customerreview"}}, {"model": "auth.permission", "pk": 36, "fields": {"name": "Can view customer review", "content_type": 9, "codename": "view_customerreview"}}, {"model": "auth.permission", "pk": 37, "fields": {"name": "Can add employee", "content_type": 10, "codename": "add_employee"}}, {"model": "auth.permission", "pk": 38, "fields": {"name": "Can change employee", "content_type": 10, "codename": "change_employee"}}, {"model": "auth.permission", "pk": 39, "fields": {"name": "Can delete employee", "content_type": 10, "codename": "delete_employee"}}, {"model": "auth.permission", "pk": 40, "fields": {"name": "Can view employee", "content_type": 10, "codename": "view_employee"}}, {"model": "auth.permission", "pk": 41, "fields": {"name": "Can add home slider", "content_type": 11, "codename": "add_homeslider"}}, {"model": "auth.permission", "pk": 42, "fields": {"name": "Can change home slider", "content_type": 11, "codename": "change_homeslider"}}, {"model": "auth.permission", "pk": 43, "fields": {"name": "Can delete home slider", "content_type": 11, "codename": "delete_homeslider"}}, {"model": "auth.permission", "pk": 44, "fields": {"name": "Can view home slider", "content_type": 11, "codename": "view_homeslider"}}, {"model": "auth.permission", "pk": 45, "fields": {"name": "Can add service", "content_type": 12, "codename": "add_service"}}, {"model": "auth.permission", "pk": 46, "fields": {"name": "Can change service", "content_type": 12, "codename": "change_service"}}, {"model": "auth.permission", "pk": 47, "fields": {"name": "Can delete service", "content_type": 12, "codename": "delete_service"}}, {"model": "auth.permission", "pk": 48, "fields": {"name": "Can view service", "content_type": 12, "codename": "view_service"}}, {"model": "auth.permission", "pk": 49, "fields": {"name": "Can add partner slider", "content_type": 13, "codename": "add_partnerslider"}}, {"model": "auth.permission", "pk": 50, "fields": {"name": "Can change partner slider", "content_type": 13, "codename": "change_partnerslider"}}, {"model": "auth.permission", "pk": 51, "fields": {"name": "Can delete partner slider", "content_type": 13, "codename": "delete_partnerslider"}}, {"model": "auth.permission", "pk": 52, "fields": {"name": "Can view partner slider", "content_type": 13, "codename": "view_partnerslider"}}, {"model": "auth.permission", "pk": 53, "fields": {"name": "Can add quote", "content_type": 14, "codename": "add_quote"}}, {"model": "auth.permission", "pk": 54, "fields": {"name": "Can change quote", "content_type": 14, "codename": "change_quote"}}, {"model": "auth.permission", "pk": 55, "fields": {"name": "Can delete quote", "content_type": 14, "codename": "delete_quote"}}, {"model": "auth.permission", "pk": 56, "fields": {"name": "Can view quote", "content_type": 14, "codename": "view_quote"}}, {"model": "auth.permission", "pk": 57, "fields": {"name": "Can add sub service", "content_type": 15, "codename": "add_subservice"}}, {"model": "auth.permission", "pk": 58, "fields": {"name": "Can change sub service", "content_type": 15, "codename": "change_subservice"}}, {"model": "auth.permission", "pk": 59, "fields": {"name": "Can delete sub service", "content_type": 15, "codename": "delete_subservice"}}, {"model": "auth.permission", "pk": 60, "fields": {"name": "Can view sub service", "content_type": 15, "codename": "view_subservice"}}, {"model": "auth.permission", "pk": 61, "fields": {"name": "Can add product", "content_type": 16, "codename": "add_product"}}, {"model": "auth.permission", "pk": 62, "fields": {"name": "Can change product", "content_type": 16, "codename": "change_product"}}, {"model": "auth.permission", "pk": 63, "fields": {"name": "Can delete product", "content_type": 16, "codename": "delete_product"}}, {"model": "auth.permission", "pk": 64, "fields": {"name": "Can view product", "content_type": 16, "codename": "view_product"}}, {"model": "auth.permission", "pk": 65, "fields": {"name": "Can add Contact Us", "content_type": 17, "codename": "add_contactus"}}, {"model": "auth.permission", "pk": 66, "fields": {"name": "Can change Contact Us", "content_type": 17, "codename": "change_contactus"}}, {"model": "auth.permission", "pk": 67, "fields": {"name": "Can delete Contact Us", "content_type": 17, "codename": "delete_contactus"}}, {"model": "auth.permission", "pk": 68, "fields": {"name": "Can view Contact Us", "content_type": 17, "codename": "view_contactus"}}, {"model": "auth.user", "pk": 1, "fields": {"password": "pbkdf2_sha256$600000$VhWGUhehctZV3rRzmMpUI1$LbGSf5NcCkkqHv5gYiSaXBwzPgkW3rVcb2AKJk+wl68=", "last_login": "2023-06-18T09:36:32.334Z", "is_superuser": true, "username": "admin", "first_name": "", "last_name": "", "email": "admin@gmail.com", "is_staff": true, "is_active": true, "date_joined": "2023-06-18T09:35:51.022Z", "groups": [], "user_permissions": []}}, {"model": "auth.user", "pk": 2, "fields": {"password": "emmanueZ@9", "last_login": null, "is_superuser": true, "username": "admin2", "first_name": "", "last_name": "", "email": "admin2@gmail.com", "is_staff": true, "is_active": true, "date_joined": "2023-06-20T06:38:16.234Z", "groups": [], "user_permissions": []}}, {"model": "contenttypes.contenttype", "pk": 1, "fields": {"app_label": "admin", "model": "logentry"}}, {"model": "contenttypes.contenttype", "pk": 2, "fields": {"app_label": "auth", "model": "permission"}}, {"model": "contenttypes.contenttype", "pk": 3, "fields": {"app_label": "auth", "model": "group"}}, {"model": "contenttypes.contenttype", "pk": 4, "fields": {"app_label": "auth", "model": "user"}}, {"model": "contenttypes.contenttype", "pk": 5, "fields": {"app_label": "contenttypes", "model": "contenttype"}}, {"model": "contenttypes.contenttype", "pk": 6, "fields": {"app_label": "sessions", "model": "session"}}, {"model": "contenttypes.contenttype", "pk": 7, "fields": {"app_label": "main", "model": "blog"}}, {"model": "contenttypes.contenttype", "pk": 8, "fields": {"app_label": "main", "model": "project"}}, {"model": "contenttypes.contenttype", "pk": 9, "fields": {"app_label": "main", "model": "customerreview"}}, {"model": "contenttypes.contenttype", "pk": 10, "fields": {"app_label": "main", "model": "employee"}}, {"model": "contenttypes.contenttype", "pk": 11, "fields": {"app_label": "main", "model": "homeslider"}}, {"model": "contenttypes.contenttype", "pk": 12, "fields": {"app_label": "main", "model": "service"}}, {"model": "contenttypes.contenttype", "pk": 13, "fields": {"app_label": "main", "model": "partnerslider"}}, {"model": "contenttypes.contenttype", "pk": 14, "fields": {"app_label": "main", "model": "quote"}}, {"model": "contenttypes.contenttype", "pk": 15, "fields": {"app_label": "main", "model": "subservice"}}, {"model": "contenttypes.contenttype", "pk": 16, "fields": {"app_label": "main", "model": "product"}}, {"model": "contenttypes.contenttype", "pk": 17, "fields": {"app_label": "main", "model": "contactus"}}, {"model": "sessions.session", "pk": "y6odvlwd9d95s1cnldbwvka0xcrhogdr", "fields": {"session_data": ".eJxVjEsOwjAMBe-SNYoSJzUxS_Y9Q-XGLi2gROpnhbg7VOoCtm9m3st0vK1jty06d5OYi_Hm9Lv1nB9adiB3Lrdqcy3rPPV2V-xBF9tW0ef1cP8ORl7Gb83ickJlEhxIY3CYfEOM4awB1WdPgTA2IJBSHBIKAPkcCNRBdLEx7w_RSTaY:1qAopk:lXWv1SyVc8lenYuaSI2IiuJGzhfJ6OcH_pjwH2lrH6Q", "expire_date": "2023-07-02T09:36:32.480Z"}}, {"model": "main.service", "pk": 1, "fields": {"name": "REAL ESTATE SERVICES", "slug": "real-estate-services", "image": "images/20221027_205432_0000.png", "content": "<p>Consectetuer elementum ipsum habitant platea consectetuer, ridiculus gravida ultrices orci diseu son ciosqu dapibus nec mus metus parturient tincidunt adipiscing. Venenatis feugiat. Senectus, lorem ullam corper dui parturient habitasse proin. Faucibus mollis. Ultrices cubilia amet dignissim facilisi lacus ullam corper, mollis donec tempus mattis risus ascetur varius proin mollis magnis malesuada turpis hymenae os elementum. Risus urna maecenas iaculis nec bibendum habitant nonummy sodales, convallis curabi tur. Dignissim dis imperdiet varius hymenaeos interdum eleifend.</p>\r\n\r\n<p>Ridiculus gravida ultrices orci diseu son ciosqu dapibus nec mus metus parturient tincidunt adipiscing Venenatis feugiat. Senectus, lorem ullam corper dui parturient habitasse proin. Faucibus mollis. Ultrices cubilia amet dignissim facilisi lacus ullam corper mollis donec tempus mattis risus ascetur varius proin mollis magnis malesuada turpis hymenae os elementum.</p>", "rating": 80, "priority": 6, "date": "2023-06-20T09:04:17Z"}}, {"model": "main.service", "pk": 2, "fields": {"name": "WEB DEVELOPMENT / BUSINESS AUTOMATION", "slug": "web-development-business-automation", "image": "images/20221027_014510_0000_AvWLO4Y.png", "content": "<p>Consectetuer elementum ipsum habitant platea consectetuer, ridiculus gravida ultrices orci diseu son ciosqu dapibus nec mus metus parturient tincidunt adipiscing. Venenatis feugiat. Senectus, lorem ullam corper dui parturient habitasse proin. Faucibus mollis. Ultrices cubilia amet dignissim facilisi lacus ullam corper, mollis donec tempus mattis risus ascetur varius proin mollis magnis malesuada turpis hymenae os elementum. Risus urna maecenas iaculis nec bibendum habitant nonummy sodales, convallis curabi tur. Dignissim dis imperdiet varius hymenaeos interdum eleifend.</p>\r\n\r\n<p>Ridiculus gravida ultrices orci diseu son ciosqu dapibus nec mus metus parturient tincidunt adipiscing Venenatis feugiat. Senectus, lorem ullam corper dui parturient habitasse proin. Faucibus mollis. Ultrices cubilia amet dignissim facilisi lacus ullam corper mollis donec tempus mattis risus ascetur varius proin mollis magnis malesuada turpis hymenae os elementum.</p>", "rating": 80, "priority": 3, "date": "2023-06-20T09:06:00Z"}}, {"model": "main.service", "pk": 3, "fields": {"name": "LAND SERVICES", "slug": "land-services", "image": "images/20221027_014510_0000_c8YqbKB.png", "content": "<p>Consectetuer elementum ipsum habitant platea consectetuer, ridiculus gravida ultrices orci diseu son ciosqu dapibus nec mus metus parturient tincidunt adipiscing. Venenatis feugiat. Senectus, lorem ullam corper dui parturient habitasse proin. Faucibus mollis. Ultrices cubilia amet dignissim facilisi lacus ullam corper, mollis donec tempus mattis risus ascetur varius proin mollis magnis malesuada turpis hymenae os elementum. Risus urna maecenas iaculis nec bibendum habitant nonummy sodales, convallis curabi tur. Dignissim dis imperdiet varius hymenaeos interdum eleifend.</p>\r\n\r\n<p>Ridiculus gravida ultrices orci diseu son ciosqu dapibus nec mus metus parturient tincidunt adipiscing Venenatis feugiat. Senectus, lorem ullam corper dui parturient habitasse proin. Faucibus mollis. Ultrices cubilia amet dignissim facilisi lacus ullam corper mollis donec tempus mattis risus ascetur varius proin mollis magnis malesuada turpis hymenae os elementum.</p>", "rating": 80, "priority": 5, "date": "2023-06-20T09:24:16Z"}}, {"model": "main.service", "pk": 4, "fields": {"name": "CIVIL ENGINEERING SERVICES", "slug": "civil-engineering-services", "image": "images/20221027_205432_0000_dNTtmC2.png", "content": "<p>Consectetuer elementum ipsum habitant platea consectetuer, ridiculus gravida ultrices orci diseu son ciosqu dapibus nec mus metus parturient tincidunt adipiscing. Venenatis feugiat. Senectus, lorem ullam corper dui parturient habitasse proin. Faucibus mollis. Ultrices cubilia amet dignissim facilisi lacus ullam corper, mollis donec tempus mattis risus ascetur varius proin mollis magnis malesuada turpis hymenae os elementum. Risus urna maecenas iaculis nec bibendum habitant nonummy sodales, convallis curabi tur. Dignissim dis imperdiet varius hymenaeos interdum eleifend.</p>\r\n\r\n<p>Ridiculus gravida ultrices orci diseu son ciosqu dapibus nec mus metus parturient tincidunt adipiscing Venenatis feugiat. Senectus, lorem ullam corper dui parturient habitasse proin. Faucibus mollis. Ultrices cubilia amet dignissim facilisi lacus ullam corper mollis donec tempus mattis risus ascetur varius proin mollis magnis malesuada turpis hymenae os elementum.</p>", "rating": 80, "priority": 4, "date": "2023-06-20T09:25:32Z"}}, {"model": "main.service", "pk": 5, "fields": {"name": "LOGISTICS AND COURIER SERVICES", "slug": "logistics-and-courier-services", "image": "images/20221027_014510_0000_tqRQmZs.png", "content": "<p>Consectetuer elementum ipsum habitant platea consectetuer, ridiculus gravida ultrices orci diseu son ciosqu dapibus nec mus metus parturient tincidunt adipiscing. Venenatis feugiat. Senectus, lorem ullam corper dui parturient habitasse proin. Faucibus mollis. Ultrices cubilia amet dignissim facilisi lacus ullam corper, mollis donec tempus mattis risus ascetur varius proin mollis magnis malesuada turpis hymenae os elementum. Risus urna maecenas iaculis nec bibendum habitant nonummy sodales, convallis curabi tur. Dignissim dis imperdiet varius hymenaeos interdum eleifend.</p>\r\n\r\n<p>Ridiculus gravida ultrices orci diseu son ciosqu dapibus nec mus metus parturient tincidunt adipiscing Venenatis feugiat. Senectus, lorem ullam corper dui parturient habitasse proin. Faucibus mollis. Ultrices cubilia amet dignissim facilisi lacus ullam corper mollis donec tempus mattis risus ascetur varius proin mollis magnis malesuada turpis hymenae os elementum.</p>", "rating": 80, "priority": 2, "date": "2023-06-20T09:26:07Z"}}, {"model": "main.service", "pk": 6, "fields": {"name": "FOOD AND FARMS", "slug": "food-and-farms", "image": "images/20221027_014510_0000_Iiy6dsg.png", "content": "<p>Consectetuer elementum ipsum habitant platea consectetuer, ridiculus gravida ultrices orci diseu son ciosqu dapibus nec mus metus parturient tincidunt adipiscing. Venenatis feugiat. Senectus, lorem ullam corper dui parturient habitasse proin. Faucibus mollis. Ultrices cubilia amet dignissim facilisi lacus ullam corper, mollis donec tempus mattis risus ascetur varius proin mollis magnis malesuada turpis hymenae os elementum. Risus urna maecenas iaculis nec bibendum habitant nonummy sodales, convallis curabi tur. Dignissim dis imperdiet varius hymenaeos interdum eleifend.</p>\r\n\r\n<p>Ridiculus gravida ultrices orci diseu son ciosqu dapibus nec mus metus parturient tincidunt adipiscing Venenatis feugiat. Senectus, lorem ullam corper dui parturient habitasse proin. Faucibus mollis. Ultrices cubilia amet dignissim facilisi lacus ullam corper mollis donec tempus mattis risus ascetur varius proin mollis magnis malesuada turpis hymenae os elementum.</p>", "rating": 80, "priority": 1, "date": "2023-06-20T09:26:58Z"}}, {"model": "main.subservice", "pk": 1, "fields": {"name": "ihjsdhjdsjkd", "service": 1, "slug": "ihjsdhjdsjkd", "image": "images/20221027_205432_0000_o19eKRM.png", "content": "<p>mndfnmndf&nbsp;</p>\r\n\r\n<p>&nbsp;</p>\r\n\r\n<p>sdjndfndfndmf</p>\r\n\r\n<p>&nbsp;</p>\r\n\r\n<p>fdnmdkfnmmksdfmsd</p>", "rating": 80, "priority": 0, "date": "2023-06-21T08:43:28Z"}}, {"model": "main.subservice", "pk": 2, "fields": {"name": "kjdffkfd", "service": 2, "slug": "kjdffkfd", "image": "images/20221027_014510_0000_ZORL5rn.png", "content": "<p>m,ds,mf ,fd,mkdfmdfm,sds</p>", "rating": 80, "priority": 0, "date": "2023-06-21T08:44:50Z"}}, {"model": "main.subservice", "pk": 3, "fields": {"name": "new one", "service": 2, "slug": "new-one", "image": "images/20221027_014510_0000_AlMqziO.png", "content": "<p>&nbsp;dfmk, mdf,mm, dfm,df</p>", "rating": 80, "priority": 0, "date": "2023-06-21T10:37:08Z"}}, {"model": "main.subservice", "pk": 4, "fields": {"name": "real one", "service": 1, "slug": "real-one", "image": "images/20221027_205432_0000_HuyyXh0.png", "content": "<p>sdnmnsmns&nbsp; dfsdf</p>", "rating": 80, "priority": 0, "date": "2023-06-21T10:38:50Z"}}, {"model": "main.project", "pk": 1, "fields": {"name": "First Project", "slug": "first-project", "sub_service": 1, "image": "", "min_budget": "5.0000", "max_budget": "10.0000", "feedback": "Great job", "content": "<div>\r\n<div>\r\n<p>Lorem ipsum, dolor sit amet consectetur adipisicing elit. Molestiae quos neque ducimus obcaecati qui! Facere, veritatis! Et voluptas, atque accusamus neque harum sunt quod, optio illo, accusantium sapiente voluptatum ex.</p>\r\n</div>\r\n\r\n<div>\r\n<p>Lorem ipsum, dolor sit amet consectetur adipisicing elit. Molestiae quos neque ducimus obcaecati qui! Facere, veritatis! Et voluptas, atque accusamus neque harum sunt quod, optio illo, accusantium sapiente voluptatum ex.</p>\r\n</div>\r\n</div>", "priority": 0, "date": "2023-06-18T16:04:33Z"}}, {"model": "main.project", "pk": 2, "fields": {"name": "Second project", "slug": "second-project", "sub_service": 2, "image": "", "min_budget": "1000000.0000", "max_budget": "99999999.0000", "feedback": "Cool site", "content": "<p>Lorem ipsum, dolor sit amet consectetur adipisicing elit. Molestiae quos neque ducimus obcaecati qui! Facere, veritatis! Et voluptas, atque accusamus neque harum sunt quod, optio illo, accusantium sapiente voluptatum ex.</p>\r\n\r\n<p>&nbsp;</p>\r\n\r\n<p>Lorem ipsum, dolor sit amet consectetur adipisicing elit. Molestiae quos neque ducimus obcaecati qui! Facere, veritatis! Et voluptas, atque accusamus neque harum sunt quod, optio illo, accusantium sapiente voluptatum ex.</p>", "priority": 0, "date": "2023-06-18T16:05:29Z"}}, {"model": "main.project", "pk": 3, "fields": {"name": "Third project", "slug": "third-project", "sub_service": 2, "image": "images/music55.webp", "min_budget": "26.5000", "max_budget": "856.7420", "feedback": "Nice service", "content": "<p>Lorem ipsum dolor sit amet consectetur adipisicing elit. Suscipit cum veritatis maxime nam perspiciatis quos aut nostrum, accusantium accusamus. Eaque, laudantium. Nulla minima temporibus fugit unde neque natus illum saepe.</p>", "priority": 0, "date": "2023-06-19T09:17:30Z"}}, {"model": "main.project", "pk": 4, "fields": {"name": "fourth", "slug": "fourth", "sub_service": 1, "image": "images/20221027_014510_0000.png", "min_budget": "56.0000", "max_budget": "78.0000", "feedback": "Really good I love the app", "content": "<p>Lorem ipsum dolor sit amet consectetur adipisicing elit. Suscipit cum veritatis maxime nam perspiciatis quos aut nostrum, accusantium accusamus. Eaque, laudantium. Nulla minima temporibus fugit unde neque natus illum saepe.</p>", "priority": 0, "date": "2023-06-19T09:59:06Z"}}, {"model": "main.product", "pk": 1, "fields": {"name": "product one", "slug": "product-one", "content": "<p>One product makes a good product to be good what am i saying</p>", "service": 1, "image": "images/20221027_205432_0000_bggfeDK.png", "priority": 0, "date": "2023-06-21T17:47:34Z"}}, {"model": "main.product", "pk": 2, "fields": {"name": "Product two", "slug": "product-two", "content": "<p>Product two&nbsp;Product Product two&nbsp;Product twoProduct two&nbsp;Product twoProduct two two</p>", "service": null, "image": "images/20221027_014510_0000_5kXRneB.png", "priority": 0, "date": "2023-06-21T17:49:15Z"}}, {"model": "main.product", "pk": 3, "fields": {"name": "Top product", "slug": "top-product", "content": "<p>This this the top productThis this the top product&nbsp;This this the top product&nbsp;This this the top product&nbsp;This this the top product</p>", "service": 3, "image": "images/auto_trader_code.png", "priority": 100, "date": "2023-06-21T17:54:55Z"}}, {"model": "main.product", "pk": 4, "fields": {"name": "bla bla", "slug": "bla-bla", "content": "<p>bllllllla llalaallfdmdf df&nbsp; dnlksakjas ndssdnkjdskjdsdfdf</p>", "service": 3, "image": "images/c48070a6e60e401495a99dad7c9ba335.jpg", "priority": 0, "date": "2023-06-21T17:56:46Z"}}, {"model": "main.blog", "pk": 1, "fields": {"title": "First blog post", "author": "Bomach", "slug": "first-blog-post", "image": "", "content": "<p>Lorem, ipsum dolor sit amet consectetur adipisicing elit. Ipsa suscipit quaerat amet deleniti possimus, tenetur eius ratione nam modi dicta itaque, voluptatibus minus, iste qui libero est veritatis iure hic.</p>", "priority": 0, "date": "2023-06-18T15:32:02Z"}}, {"model": "main.blog", "pk": 2, "fields": {"title": "Second blog post", "author": "Bomach group", "slug": "second-blog-post", "image": "", "content": "<p><strong>Lorem, ipsum dolor sit amet consectetu</strong>r adipisicing elit. Ipsa suscipit quaerat amet deleniti possimus, tenetur eius ratione nam modi dicta itaque, voluptatibus minus, iste qui libero est veritatis iure hic.</p>\r\n\r\n<p>&nbsp;</p>\r\n\r\n<p>fdjkjhdf dkfjkjd j jdfkj df<strong>Lorem, ipsum dolor sit amet consectetu</strong>r adipisicing elit. Ipsa suscipit quaerat amet deleniti possimus, tenetur eius ratione nam modi dicta itaque, voluptatibus minus, iste qui libero est veritatis iure hic.</p>\r\n\r\n<p>&nbsp;</p>\r\n\r\n<p><strong>Lorem, ipsum dolor sit amet consectetu</strong>r adipisicing elit. Ipsa suscipit quaerat amet deleniti possimus, tenetur eius ratione nam modi dicta itaque, voluptatibus minus, iste qui libero est veritatis iure hic.</p>\r\n\r\n<p>&nbsp;</p>\r\n\r\n<p>fdjkjhdf dkfjkjd j jdfkj df<strong>Lorem, ipsum dolor sit amet consectetu</strong>r adipisicing elit. Ipsa suscipit quaerat amet deleniti possimus, tenetur eius ratione nam modi dicta itaque, voluptatibus minus, iste qui libero est veritatis iure hic.</p>", "priority": 0, "date": "2023-06-18T15:33:13Z"}}, {"model": "main.blog", "pk": 3, "fields": {"title": "dshhjds dmhjhjmds nm", "author": "n sdsn", "slug": "dshhjds-dmhjhjmds-nm", "image": "", "content": "<p>nmsdmdmm,fd</p>", "priority": 0, "date": "2023-06-21T14:48:41Z"}}, {"model": "main.homeslider", "pk": 1, "fields": {"big_text": "Get the Best", "small_text": "Welcome to BOMACH GROUP, the epitome of competence, expertise, and innovation.", "image": "images/real_estate.jpeg", "priority": 0, "date": "2023-06-20T09:52:21Z"}}, {"model": "main.homeslider", "pk": 2, "fields": {"big_text": "Awesome Services", "small_text": "Over a decade experience in businesses development around Real estate, ICT, Civil Engineering, Land, Agriculture and Food commodities, Health and business solution services to name a few", "image": "images/engineering.jpeg", "priority": 0, "date": "2023-06-20T09:55:38Z"}}, {"model": "main.homeslider", "pk": 3, "fields": {"big_text": "We have all it takes", "small_text": "Over a decade experience in businesses development around Real estate, ICT, Civil Engineering, Land, Agriculture and Food commodities, Health and business solution services to name a few", "image": "images/20221027_014510_0000_XOjQAtD.png", "priority": 0, "date": "2023-06-20T14:33:04Z"}}, {"model": "main.customerreview", "pk": 1, "fields": {"name": "Maxzeno Emma", "review": "Gravida augue erat nullam id tellus mattis vehicula facilisic aliquet euismos litora ullamcorper morbina suspendisse vitae vestibulum eros vitae. pede nullam nullas ultricies corne mone molestie erate montes adipiscing leoest magnis imperdiet fermentum auctor hymenae laoren", "occupation": "Software dev", "priority": 0, "date": "2023-06-20T09:34:55Z"}}, {"model": "main.customerreview", "pk": 2, "fields": {"name": "Chika Ebuka", "review": "augue erat nullam id tellus mattis vehicula facilisic aliquet euismos litora ullamcorper morbina suspendisse vitae vestibulum eros vitae. pede nullam nullas ultricies corne mone molestie erate montes adipiscing leoest magnis imperdiet fermentum auctor hymenae laoren", "occupation": "House Wife", "priority": 0, "date": "2023-06-20T09:47:36Z"}}, {"model": "main.customerreview", "pk": 3, "fields": {"name": "Chidera John", "review": "erat nullam id tellus mattis vehicula facilisic aliquet euismos litora ullamcorper morbina suspendisse vitae vestibulum eros vitae. pede nullam nullas ultricies corne mone molestie erate montes adipiscing leoest magnis imperdiet fermentum auctor hymenae laoren", "occupation": "Plumber", "priority": 0, "date": "2023-06-20T09:48:11Z"}}, {"model": "main.employee", "pk": 1, "fields": {"name": "Emmanuel Max", "job_title": "Software dev", "facebook": null, "twitter": null, "instagram": null, "image": "images/20221027_014510_0000_gKE2hJk.png", "priority": 0, "date": "2023-06-20T09:49:47Z"}}, {"model": "main.employee", "pk": 2, "fields": {"name": "Godwin Victor", "job_title": "Marketer", "facebook": "https://facebook.com", "twitter": null, "instagram": "https://instagram.com", "image": "images/20221027_205432_0000_YGngwRZ.png", "priority": 0, "date": "2023-06-20T09:50:35Z"}}, {"model": "main.partnerslider", "pk": 1, "fields": {"company": "Google", "image": "images/bomach-logo.jpeg", "priority": 0, "date": "2023-06-20T10:00:06Z"}}, {"model": "main.partnerslider", "pk": 2, "fields": {"company": "N/A", "image": "images/bomach-logo_uMoaNSF.jpeg", "priority": 0, "date": "2023-06-20T10:01:32Z"}}, {"model": "main.partnerslider", "pk": 3, "fields": {"company": "Brand three", "image": "images/bomach-logo_C96d1fo.jpeg", "priority": 0, "date": "2023-06-20T12:04:23Z"}}, {"model": "main.quote", "pk": 1, "fields": {"name": "Emmanuel Nwaegunwa", "phone": "+2349077745730", "email": "emmanuelnwaegunwa@gmail.com", "message": "wdnmsds  dsf", "location": "N/A", "service": 2, "sub_service": null, "date": "2023-06-20T18:39:00.907Z"}}, {"model": "main.quote", "pk": 2, "fields": {"name": "Emmanuel Nwaegunwa", "phone": "+2349077745730", "email": "emmanuelnwaegunwa@gmail.com", "message": "jhmnnm", "location": "N/A", "service": 1, "sub_service": null, "date": "2023-06-20T18:39:42.118Z"}}, {"model": "main.quote", "pk": 3, "fields": {"name": "Emmanuel Nwaegunwa", "phone": "+2349077745730", "email": "emmanuelnwaegunwa@gmail.com", "message": "sdmnsd sd", "location": "N/A", "service": 1, "sub_service": null, "date": "2023-06-20T18:40:01.817Z"}}, {"model": "main.quote", "pk": 4, "fields": {"name": "Emmanuel Nwaegunwa", "phone": "09077745730", "email": "emmanuelnwaegunwa@gmail.com", "message": "nmmnsd", "location": "N/A", "service": 1, "sub_service": null, "date": "2023-06-20T18:40:43.437Z"}}, {"model": "main.quote", "pk": 5, "fields": {"name": "Emmanuel Nwaegunwa", "phone": "09077745730", "email": "emmanuelnwaegunwa@gmail.com", "message": "smnsdsd", "location": "N/A", "service": 6, "sub_service": null, "date": "2023-06-20T18:48:46.580Z"}}, {"model": "main.quote", "pk": 6, "fields": {"name": "Emmanuel Nwaegunwa", "phone": "09077745730", "email": "emmanuelnwaegunwa@gmail.com", "message": "bmn", "location": "N/A", "service": 4, "sub_service": null, "date": "2023-06-20T18:58:36.834Z"}}, {"model": "main.quote", "pk": 7, "fields": {"name": "Emmanuel Nwaegunwa", "phone": "09077745730", "email": "emmanuelnwaegunwa@gmail.com", "message": "bnbbnb", "location": "N/A", "service": 3, "sub_service": null, "date": "2023-06-20T19:17:14.177Z"}}, {"model": "main.quote", "pk": 8, "fields": {"name": "Emmanuel Nwaegunwa00", "phone": "0907774573000", "email": "emmanuelnwaegunwa@gmail.com00", "message": "bncmnmsd max00", "location": "N/A", "service": 4, "sub_service": null, "date": "2023-06-21T05:54:04.277Z"}}, {"model": "main.quote", "pk": 9, "fields": {"name": "Emmanuel", "phone": "+2349077745730", "email": "emmanuelnwaegunwa@gmail.com", "message": "nmmndfnddfdfn", "location": "Enugu state", "service": 1, "sub_service": 1, "date": "2023-06-21T09:27:23.848Z"}}, {"model": "main.quote", "pk": 10, "fields": {"name": "Emmanuel Nwaegunwa", "phone": "+2349077745730", "email": "emmanuelnwaegunwa@gmail.com", "message": "mb bnmn", "location": "lagous", "service": 1, "sub_service": 1, "date": "2023-06-21T11:06:25.922Z"}}, {"model": "main.quote", "pk": 11, "fields": {"name": "Emmanuel Nwaegunwa", "phone": "+2349077745730", "email": "emmanuelnwaegunwa@gmail.com", "message": "dfndmn", "location": "jj", "service": 1, "sub_service": 1, "date": "2023-06-21T11:18:00.069Z"}}, {"model": "main.quote", "pk": 12, "fields": {"name": "Emmanuel Nwaegunwa", "phone": "+2349077745730", "email": "emmanuelnwaegunwa@gmail.com", "message": "hjjhhj", "location": "kjjk", "service": 1, "sub_service": 1, "date": "2023-06-21T11:42:22.953Z"}}, {"model": "main.quote", "pk": 13, "fields": {"name": "Emmanuel Nwaegunwa", "phone": "+2349077745730", "email": "emmanuelnwaegunwa@gmail.com", "message": "sdggf", "location": "sfddf", "service": 2, "sub_service": 3, "date": "2023-06-21T11:50:27.354Z"}}, {"model": "main.quote", "pk": 14, "fields": {"name": "Emmanuel Nwaegunwa", "phone": "+2349077745730", "email": "emmanuelnwaegunwa@gmail.com", "message": "mnmnmdsfnd", "location": "mnsdnmnsd", "service": 2, "sub_service": 3, "date": "2023-06-21T12:13:52.494Z"}}, {"model": "main.quote", "pk": 15, "fields": {"name": "Emmanuel Nwaegunwa", "phone": "+2349077745730", "email": "emmanuelnwaegunwa@gmail.com", "message": "Naija", "location": "Nigeria", "service": 2, "sub_service": 2, "date": "2023-06-21T12:15:36.004Z"}}, {"model": "main.quote", "pk": 16, "fields": {"name": "Emmanuel Nwaegunwa", "phone": "+2349077745730", "email": "emmanuelnwaegunwa@gmail.com", "message": "khsd dkshsmdnsdm", "location": "dssf", "service": 2, "sub_service": 3, "date": "2023-06-21T14:12:46.995Z"}}, {"model": "main.quote", "pk": 17, "fields": {"name": "Emmanuel Nwaegunwa", "phone": "+2349077745730", "email": "emmanuelnwaegunwa@gmail.com", "message": "khdksj skdjbsdj,s md", "location": "jkjclzkxzx", "service": 2, "sub_service": 2, "date": "2023-06-21T14:17:56.857Z"}}, {"model": "main.contactus", "pk": 1, "fields": {"name": "Emmanuel Nwaegunwa", "phone": "09077745730", "email": "emmanuelnwaegunwa@gmail.com", "message": "nsdnfddmfmdf", "location": "ddsmn", "date": "2023-06-21T17:36:02.749Z"}}]