[{"model": "admin.logentry", "pk": 1, "fields": {"action_time": "2023-06-20T08:06:23.794Z", "user": 1, "content_type": 7, "object_id": "1", "object_repr": "Blog object (1)", "action_flag": 1, "change_message": "[{\"added\": {}}]"}}, {"model": "admin.logentry", "pk": 2, "fields": {"action_time": "2023-06-20T08:19:39.144Z", "user": 1, "content_type": 7, "object_id": "1", "object_repr": "Blog object (1)", "action_flag": 3, "change_message": ""}}, {"model": "admin.logentry", "pk": 3, "fields": {"action_time": "2023-06-21T07:58:06.127Z", "user": 1, "content_type": 11, "object_id": "1", "object_repr": "HomeSlider object (1)", "action_flag": 1, "change_message": "[{\"added\": {}}]"}}, {"model": "admin.logentry", "pk": 4, "fields": {"action_time": "2023-06-21T08:01:40.669Z", "user": 1, "content_type": 11, "object_id": "2", "object_repr": "HomeSlider object (2)", "action_flag": 1, "change_message": "[{\"added\": {}}]"}}, {"model": "admin.logentry", "pk": 5, "fields": {"action_time": "2023-06-21T08:04:14.209Z", "user": 1, "content_type": 13, "object_id": "1", "object_repr": "PartnerSlider object (1)", "action_flag": 1, "change_message": "[{\"added\": {}}]"}}, {"model": "admin.logentry", "pk": 6, "fields": {"action_time": "2023-06-21T08:05:12.488Z", "user": 1, "content_type": 13, "object_id": "2", "object_repr": "PartnerSlider object (2)", "action_flag": 1, "change_message": "[{\"added\": {}}]"}}, {"model": "admin.logentry", "pk": 7, "fields": {"action_time": "2023-06-21T13:01:06.820Z", "user": 1, "content_type": 12, "object_id": "1", "object_repr": "Emmanuel", "action_flag": 1, "change_message": "[{\"added\": {}}]"}}, {"model": "admin.logentry", "pk": 8, "fields": {"action_time": "2023-06-21T13:02:33.031Z", "user": 1, "content_type": 4, "object_id": "2", "object_repr": "admin2", "action_flag": 1, "change_message": "[{\"added\": {}}]"}}, {"model": "admin.logentry", "pk": 9, "fields": {"action_time": "2023-06-21T13:15:35.405Z", "user": 1, "content_type": 15, "object_id": "1", "object_repr": "sub service one", "action_flag": 1, "change_message": "[{\"added\": {}}]"}}, {"model": "admin.logentry", "pk": 10, "fields": {"action_time": "2023-06-21T13:31:14.401Z", "user": 1, "content_type": 4, "object_id": "2", "object_repr": "admin2", "action_flag": 2, "change_message": "[{\"changed\": {\"fields\": [\"Staff status\", \"Superuser status\"]}}]"}}, {"model": "admin.logentry", "pk": 11, "fields": {"action_time": "2023-06-21T13:38:58.272Z", "user": 2, "content_type": 7, "object_id": "2", "object_repr": "Blog object (2)", "action_flag": 1, "change_message": "[{\"added\": {}}]"}}, {"model": "admin.logentry", "pk": 12, "fields": {"action_time": "2023-06-21T13:53:43.529Z", "user": 2, "content_type": 7, "object_id": "2", "object_repr": "Blog object (2)", "action_flag": 2, "change_message": "[{\"changed\": {\"fields\": [\"Content\"]}}]"}}, {"model": "admin.logentry", "pk": 13, "fields": {"action_time": "2023-06-21T15:46:05.639Z", "user": 2, "content_type": 7, "object_id": "2", "object_repr": "The dynamic trends surrounding real estate in Nigeria", "action_flag": 2, "change_message": "[{\"changed\": {\"fields\": [\"Content\"]}}]"}}, {"model": "admin.logentry", "pk": 14, "fields": {"action_time": "2023-06-21T15:47:56.389Z", "user": 2, "content_type": 7, "object_id": "2", "object_repr": "The dynamic trends surrounding real estate in Nigeria", "action_flag": 2, "change_message": "[]"}}, {"model": "admin.logentry", "pk": 15, "fields": {"action_time": "2023-06-22T09:08:13.096Z", "user": 1, "content_type": 12, "object_id": "1", "object_repr": "Emmanuel", "action_flag": 3, "change_message": ""}}, {"model": "admin.logentry", "pk": 16, "fields": {"action_time": "2023-06-22T09:11:03.123Z", "user": 1, "content_type": 12, "object_id": "2", "object_repr": "REAL ESTATE SERVICES", "action_flag": 1, "change_message": "[{\"added\": {}}]"}}, {"model": "admin.logentry", "pk": 17, "fields": {"action_time": "2023-06-22T09:11:49.423Z", "user": 1, "content_type": 12, "object_id": "3", "object_repr": "LAND SERVICES", "action_flag": 1, "change_message": "[{\"added\": {}}]"}}, {"model": "admin.logentry", "pk": 18, "fields": {"action_time": "2023-06-22T09:12:22.290Z", "user": 1, "content_type": 12, "object_id": "4", "object_repr": "CIVIL ENGINEERING SERVICES", "action_flag": 1, "change_message": "[{\"added\": {}}]"}}, {"model": "admin.logentry", "pk": 19, "fields": {"action_time": "2023-06-22T09:13:08.508Z", "user": 1, "content_type": 12, "object_id": "5", "object_repr": "WEB DEVELOPMENT / BUSINESS AUTOMATION", "action_flag": 1, "change_message": "[{\"added\": {}}]"}}, {"model": "admin.logentry", "pk": 20, "fields": {"action_time": "2023-06-22T09:13:38.886Z", "user": 1, "content_type": 12, "object_id": "6", "object_repr": "LOGISTICS AND COURIER SERVICES", "action_flag": 1, "change_message": "[{\"added\": {}}]"}}, {"model": "admin.logentry", "pk": 21, "fields": {"action_time": "2023-06-22T09:14:16.808Z", "user": 1, "content_type": 12, "object_id": "7", "object_repr": "FOOD AND FARMS", "action_flag": 1, "change_message": "[{\"added\": {}}]"}}, {"model": "admin.logentry", "pk": 22, "fields": {"action_time": "2023-06-22T09:17:37.184Z", "user": 1, "content_type": 12, "object_id": "2", "object_repr": "REAL ESTATE SERVICES", "action_flag": 2, "change_message": "[{\"changed\": {\"fields\": [\"Content\"]}}]"}}, {"model": "admin.logentry", "pk": 23, "fields": {"action_time": "2023-06-22T09:34:25.058Z", "user": 1, "content_type": 12, "object_id": "2", "object_repr": "REAL ESTATE SERVICES", "action_flag": 2, "change_message": "[{\"changed\": {\"fields\": [\"Rating\"]}}]"}}, {"model": "admin.logentry", "pk": 24, "fields": {"action_time": "2023-06-22T09:38:13.508Z", "user": 1, "content_type": 12, "object_id": "2", "object_repr": "REAL ESTATE SERVICES", "action_flag": 2, "change_message": "[{\"changed\": {\"fields\": [\"Content\"]}}]"}}, {"model": "admin.logentry", "pk": 25, "fields": {"action_time": "2023-06-22T09:39:38.337Z", "user": 1, "content_type": 15, "object_id": "2", "object_repr": "We Buy", "action_flag": 1, "change_message": "[{\"added\": {}}]"}}, {"model": "admin.logentry", "pk": 26, "fields": {"action_time": "2023-06-22T10:39:09.742Z", "user": 1, "content_type": 15, "object_id": "3", "object_repr": "Land Survey", "action_flag": 1, "change_message": "[{\"added\": {}}]"}}, {"model": "admin.logentry", "pk": 27, "fields": {"action_time": "2023-06-22T10:42:03.839Z", "user": 2, "content_type": 7, "object_id": "3", "object_repr": "Introducing Bethel City Estate: Your Perfect investment Opportunity in Enugu!", "action_flag": 1, "change_message": "[{\"added\": {}}]"}}, {"model": "admin.logentry", "pk": 28, "fields": {"action_time": "2023-06-22T10:42:52.856Z", "user": 1, "content_type": 15, "object_id": "4", "object_repr": "We Sell", "action_flag": 1, "change_message": "[{\"added\": {}}]"}}, {"model": "admin.logentry", "pk": 29, "fields": {"action_time": "2023-06-22T10:47:17.764Z", "user": 1, "content_type": 15, "object_id": "5", "object_repr": "We Help You Develop", "action_flag": 1, "change_message": "[{\"added\": {}}]"}}, {"model": "admin.logentry", "pk": 30, "fields": {"action_time": "2023-06-22T10:49:01.289Z", "user": 1, "content_type": 15, "object_id": "6", "object_repr": "Land Documentation", "action_flag": 1, "change_message": "[{\"added\": {}}]"}}, {"model": "admin.logentry", "pk": 31, "fields": {"action_time": "2023-06-22T10:49:40.096Z", "user": 1, "content_type": 15, "object_id": "2", "object_repr": "We Buy", "action_flag": 2, "change_message": "[{\"changed\": {\"fields\": [\"Content\"]}}]"}}, {"model": "admin.logentry", "pk": 32, "fields": {"action_time": "2023-06-22T10:51:22.274Z", "user": 1, "content_type": 15, "object_id": "7", "object_repr": "INTERIOR DESIGN", "action_flag": 1, "change_message": "[{\"added\": {}}]"}}, {"model": "admin.logentry", "pk": 33, "fields": {"action_time": "2023-06-22T10:52:47.306Z", "user": 1, "content_type": 15, "object_id": "8", "object_repr": "ARCHITECTURE", "action_flag": 1, "change_message": "[{\"added\": {}}]"}}, {"model": "admin.logentry", "pk": 34, "fields": {"action_time": "2023-06-22T10:57:18.364Z", "user": 1, "content_type": 15, "object_id": "9", "object_repr": "INDUSTRIAL DESIGN", "action_flag": 1, "change_message": "[{\"added\": {}}]"}}, {"model": "admin.logentry", "pk": 35, "fields": {"action_time": "2023-06-22T11:01:37.685Z", "user": 1, "content_type": 15, "object_id": "10", "object_repr": "CASSAVA PRODUCTION AND PROCESSING", "action_flag": 1, "change_message": "[{\"added\": {}}]"}}, {"model": "admin.logentry", "pk": 36, "fields": {"action_time": "2023-06-22T11:43:49.351Z", "user": 1, "content_type": 15, "object_id": "11", "object_repr": "OUR BAKERY", "action_flag": 1, "change_message": "[{\"added\": {}}]"}}, {"model": "admin.logentry", "pk": 37, "fields": {"action_time": "2023-06-22T11:46:14.980Z", "user": 1, "content_type": 12, "object_id": "2", "object_repr": "REAL ESTATE SERVICES", "action_flag": 2, "change_message": "[{\"changed\": {\"fields\": [\"Priority\"]}}]"}}, {"model": "admin.logentry", "pk": 38, "fields": {"action_time": "2023-06-22T11:47:02.635Z", "user": 1, "content_type": 12, "object_id": "3", "object_repr": "LAND SERVICES", "action_flag": 2, "change_message": "[{\"changed\": {\"fields\": [\"Priority\"]}}]"}}, {"model": "admin.logentry", "pk": 39, "fields": {"action_time": "2023-06-22T11:47:31.543Z", "user": 1, "content_type": 12, "object_id": "4", "object_repr": "CIVIL ENGINEERING SERVICES", "action_flag": 2, "change_message": "[{\"changed\": {\"fields\": [\"Priority\"]}}]"}}, {"model": "admin.logentry", "pk": 40, "fields": {"action_time": "2023-06-22T11:47:55.765Z", "user": 1, "content_type": 12, "object_id": "5", "object_repr": "WEB DEVELOPMENT / BUSINESS AUTOMATION", "action_flag": 2, "change_message": "[{\"changed\": {\"fields\": [\"Priority\"]}}]"}}, {"model": "admin.logentry", "pk": 41, "fields": {"action_time": "2023-06-22T11:48:20.805Z", "user": 1, "content_type": 12, "object_id": "6", "object_repr": "LOGISTICS AND COURIER SERVICES", "action_flag": 2, "change_message": "[{\"changed\": {\"fields\": [\"Priority\"]}}]"}}, {"model": "admin.logentry", "pk": 42, "fields": {"action_time": "2023-06-22T11:48:45.072Z", "user": 1, "content_type": 12, "object_id": "7", "object_repr": "FOOD AND FARMS", "action_flag": 2, "change_message": "[{\"changed\": {\"fields\": [\"Priority\"]}}]"}}, {"model": "admin.logentry", "pk": 43, "fields": {"action_time": "2023-06-22T11:51:12.461Z", "user": 1, "content_type": 12, "object_id": "2", "object_repr": "REAL ESTATE SERVICES", "action_flag": 2, "change_message": "[{\"changed\": {\"fields\": [\"Priority\"]}}]"}}, {"model": "admin.logentry", "pk": 44, "fields": {"action_time": "2023-06-22T12:01:19.405Z", "user": 1, "content_type": 12, "object_id": "2", "object_repr": "REAL ESTATE SERVICES", "action_flag": 2, "change_message": "[{\"changed\": {\"fields\": [\"Priority\"]}}]"}}, {"model": "admin.logentry", "pk": 45, "fields": {"action_time": "2023-06-22T13:03:58.605Z", "user": 1, "content_type": 9, "object_id": "1", "object_repr": "Emmanuel Chidera", "action_flag": 1, "change_message": "[{\"added\": {}}]"}}, {"model": "admin.logentry", "pk": 46, "fields": {"action_time": "2023-06-22T13:51:16.264Z", "user": 1, "content_type": 9, "object_id": "1", "object_repr": "Emmanuel Max", "action_flag": 2, "change_message": "[{\"changed\": {\"fields\": [\"Name\"]}}]"}}, {"model": "admin.logentry", "pk": 47, "fields": {"action_time": "2023-06-22T14:12:02.735Z", "user": 1, "content_type": 12, "object_id": "6", "object_repr": "LOGISTICS AND COURIER SERVICES", "action_flag": 2, "change_message": "[{\"changed\": {\"fields\": [\"Priority\"]}}]"}}, {"model": "admin.logentry", "pk": 48, "fields": {"action_time": "2023-06-22T14:19:40.642Z", "user": 1, "content_type": 12, "object_id": "6", "object_repr": "LOGISTICS AND COURIER SERVICES", "action_flag": 2, "change_message": "[{\"changed\": {\"fields\": [\"Priority\"]}}]"}}, {"model": "admin.logentry", "pk": 49, "fields": {"action_time": "2023-06-22T14:23:52.502Z", "user": 1, "content_type": 12, "object_id": "4", "object_repr": "CIVIL ENGINEERING SERVICES", "action_flag": 2, "change_message": "[{\"changed\": {\"fields\": [\"Rating\"]}}]"}}, {"model": "admin.logentry", "pk": 50, "fields": {"action_time": "2023-06-22T14:25:15.602Z", "user": 1, "content_type": 12, "object_id": "7", "object_repr": "FOOD AND FARMSs", "action_flag": 2, "change_message": "[{\"changed\": {\"fields\": [\"Name\"]}}]"}}, {"model": "admin.logentry", "pk": 51, "fields": {"action_time": "2023-06-22T14:26:45.259Z", "user": 1, "content_type": 12, "object_id": "7", "object_repr": "FOOD AND FARMS", "action_flag": 2, "change_message": "[{\"changed\": {\"fields\": [\"Name\"]}}]"}}, {"model": "admin.logentry", "pk": 52, "fields": {"action_time": "2023-06-22T14:28:27.919Z", "user": 1, "content_type": 12, "object_id": "8", "object_repr": "bl bla", "action_flag": 1, "change_message": "[{\"added\": {}}]"}}, {"model": "admin.logentry", "pk": 53, "fields": {"action_time": "2023-06-22T14:29:29.268Z", "user": 1, "content_type": 12, "object_id": "8", "object_repr": "bl bla", "action_flag": 3, "change_message": ""}}, {"model": "admin.logentry", "pk": 54, "fields": {"action_time": "2023-06-22T14:31:01.132Z", "user": 1, "content_type": 7, "object_id": "4", "object_repr": "bla bla", "action_flag": 1, "change_message": "[{\"added\": {}}]"}}, {"model": "admin.logentry", "pk": 55, "fields": {"action_time": "2023-06-22T14:32:22.051Z", "user": 1, "content_type": 7, "object_id": "4", "object_repr": "bla bla", "action_flag": 3, "change_message": ""}}, {"model": "admin.logentry", "pk": 56, "fields": {"action_time": "2023-06-22T15:06:54.697Z", "user": 1, "content_type": 12, "object_id": "3", "object_repr": "LAND SERVICES", "action_flag": 2, "change_message": "[{\"changed\": {\"fields\": [\"Priority\"]}}]"}}, {"model": "admin.logentry", "pk": 57, "fields": {"action_time": "2023-06-22T15:09:43.987Z", "user": 1, "content_type": 12, "object_id": "3", "object_repr": "LAND SERVICES", "action_flag": 2, "change_message": "[{\"changed\": {\"fields\": [\"Priority\"]}}]"}}, {"model": "admin.logentry", "pk": 58, "fields": {"action_time": "2023-06-23T07:45:45.434Z", "user": 2, "content_type": 15, "object_id": "5", "object_repr": "We Help You Develop", "action_flag": 2, "change_message": "[{\"changed\": {\"fields\": [\"Content\"]}}]"}}, {"model": "admin.logentry", "pk": 59, "fields": {"action_time": "2023-06-23T07:47:23.530Z", "user": 2, "content_type": 15, "object_id": "4", "object_repr": "We Sell", "action_flag": 2, "change_message": "[{\"changed\": {\"fields\": [\"Content\"]}}]"}}, {"model": "admin.logentry", "pk": 60, "fields": {"action_time": "2023-06-23T07:48:17.032Z", "user": 2, "content_type": 15, "object_id": "2", "object_repr": "We Buy", "action_flag": 2, "change_message": "[{\"changed\": {\"fields\": [\"Content\"]}}]"}}, {"model": "admin.logentry", "pk": 61, "fields": {"action_time": "2023-06-23T07:59:31.744Z", "user": 2, "content_type": 15, "object_id": "5", "object_repr": "ESTATE DEVELOPMENT", "action_flag": 2, "change_message": "[{\"changed\": {\"fields\": [\"Name\", \"Slug\", \"Priority\"]}}]"}}, {"model": "admin.logentry", "pk": 62, "fields": {"action_time": "2023-06-23T08:08:01.295Z", "user": 2, "content_type": 15, "object_id": "4", "object_repr": "PURCHASE AND SALES OF PROPERTIES", "action_flag": 2, "change_message": "[{\"changed\": {\"fields\": [\"Name\", \"Slug\"]}}]"}}, {"model": "admin.logentry", "pk": 63, "fields": {"action_time": "2023-06-23T08:10:43.224Z", "user": 2, "content_type": 15, "object_id": "4", "object_repr": "PURCHASE AND SALES OF PROPERTIES", "action_flag": 2, "change_message": "[{\"changed\": {\"fields\": [\"Slug\", \"Content\"]}}]"}}, {"model": "admin.logentry", "pk": 64, "fields": {"action_time": "2023-06-23T08:10:47.014Z", "user": 2, "content_type": 15, "object_id": "4", "object_repr": "PURCHASE AND SALES OF PROPERTIES", "action_flag": 2, "change_message": "[{\"changed\": {\"fields\": [\"Slug\"]}}]"}}, {"model": "admin.logentry", "pk": 65, "fields": {"action_time": "2023-06-23T08:13:05.491Z", "user": 2, "content_type": 15, "object_id": "2", "object_repr": "We Buy", "action_flag": 3, "change_message": ""}}, {"model": "admin.logentry", "pk": 66, "fields": {"action_time": "2023-06-23T08:14:18.445Z", "user": 2, "content_type": 15, "object_id": "4", "object_repr": "BUYING AND SELLING OF PROPERTIES", "action_flag": 2, "change_message": "[{\"changed\": {\"fields\": [\"Name\"]}}]"}}, {"model": "admin.logentry", "pk": 67, "fields": {"action_time": "2023-06-23T08:24:15.650Z", "user": 2, "content_type": 15, "object_id": "4", "object_repr": "BUYING AND SELLING OF PROPERTIES", "action_flag": 2, "change_message": "[]"}}, {"model": "admin.logentry", "pk": 68, "fields": {"action_time": "2023-06-23T08:24:42.144Z", "user": 2, "content_type": 15, "object_id": "4", "object_repr": "BUYING AND SELLING OF PROPERTIES", "action_flag": 2, "change_message": "[]"}}, {"model": "admin.logentry", "pk": 69, "fields": {"action_time": "2023-06-23T08:26:29.998Z", "user": 2, "content_type": 15, "object_id": "4", "object_repr": "BUYING AND SELLING <br>OF PROPERTIES</br>", "action_flag": 2, "change_message": "[{\"changed\": {\"fields\": [\"Name\"]}}]"}}, {"model": "admin.logentry", "pk": 70, "fields": {"action_time": "2023-06-23T08:27:57.849Z", "user": 2, "content_type": 15, "object_id": "4", "object_repr": "BUYING AND SELLING OF PROPERTIES", "action_flag": 2, "change_message": "[{\"changed\": {\"fields\": [\"Name\"]}}]"}}, {"model": "admin.logentry", "pk": 71, "fields": {"action_time": "2023-06-23T08:40:45.289Z", "user": 2, "content_type": 15, "object_id": "4", "object_repr": "BUYING AND SELLING OF PROPERTIES", "action_flag": 2, "change_message": "[{\"changed\": {\"fields\": [\"Content\"]}}]"}}, {"model": "admin.logentry", "pk": 72, "fields": {"action_time": "2023-06-23T08:46:51.034Z", "user": 2, "content_type": 15, "object_id": "4", "object_repr": "BUY AND SELL PROPERTIES", "action_flag": 2, "change_message": "[{\"changed\": {\"fields\": [\"Name\", \"Content\"]}}]"}}, {"model": "admin.logentry", "pk": 73, "fields": {"action_time": "2023-06-23T08:54:21.046Z", "user": 2, "content_type": 15, "object_id": "4", "object_repr": "BUY AND SELL PROPERTIES", "action_flag": 2, "change_message": "[{\"changed\": {\"fields\": [\"Content\"]}}]"}}, {"model": "admin.logentry", "pk": 74, "fields": {"action_time": "2023-06-23T09:03:48.012Z", "user": 2, "content_type": 15, "object_id": "4", "object_repr": "BUY AND SELL PROPERTIES", "action_flag": 2, "change_message": "[{\"changed\": {\"fields\": [\"Content\"]}}]"}}, {"model": "admin.logentry", "pk": 75, "fields": {"action_time": "2023-06-23T09:11:06.582Z", "user": 2, "content_type": 15, "object_id": "4", "object_repr": "BUY AND SELL PROPERTIES", "action_flag": 2, "change_message": "[]"}}, {"model": "admin.logentry", "pk": 76, "fields": {"action_time": "2023-06-23T09:11:48.852Z", "user": 2, "content_type": 15, "object_id": "4", "object_repr": "BUY AND SELL PROPERTIES", "action_flag": 2, "change_message": "[{\"changed\": {\"fields\": [\"Content\"]}}]"}}, {"model": "admin.logentry", "pk": 77, "fields": {"action_time": "2023-06-23T09:13:02.045Z", "user": 2, "content_type": 15, "object_id": "4", "object_repr": "BUY AND SELL PROPERTIES", "action_flag": 2, "change_message": "[{\"changed\": {\"fields\": [\"Content\"]}}]"}}, {"model": "admin.logentry", "pk": 78, "fields": {"action_time": "2023-06-23T09:27:02.091Z", "user": 2, "content_type": 15, "object_id": "12", "object_repr": "BETHEL CITY ESTATE", "action_flag": 1, "change_message": "[{\"added\": {}}]"}}, {"model": "admin.logentry", "pk": 79, "fields": {"action_time": "2023-06-23T09:28:53.731Z", "user": 2, "content_type": 15, "object_id": "12", "object_repr": "BETHEL CITY ESTATE", "action_flag": 3, "change_message": ""}}, {"model": "admin.logentry", "pk": 80, "fields": {"action_time": "2023-06-23T09:40:21.981Z", "user": 2, "content_type": 15, "object_id": "5", "object_repr": "ESTATE DEVELOPMENT", "action_flag": 2, "change_message": "[{\"changed\": {\"fields\": [\"Content\"]}}]"}}, {"model": "admin.logentry", "pk": 81, "fields": {"action_time": "2023-06-23T09:43:34.820Z", "user": 2, "content_type": 15, "object_id": "5", "object_repr": "ESTATE DEVELOPMENT", "action_flag": 2, "change_message": "[{\"changed\": {\"fields\": [\"Content\"]}}]"}}, {"model": "admin.logentry", "pk": 82, "fields": {"action_time": "2023-06-23T09:45:50.764Z", "user": 2, "content_type": 15, "object_id": "5", "object_repr": "ESTATE DEVELOPMENT", "action_flag": 2, "change_message": "[{\"changed\": {\"fields\": [\"Content\"]}}]"}}, {"model": "admin.logentry", "pk": 83, "fields": {"action_time": "2023-06-23T09:48:18.654Z", "user": 2, "content_type": 15, "object_id": "5", "object_repr": "ESTATE DEVELOPMENT", "action_flag": 2, "change_message": "[{\"changed\": {\"fields\": [\"Content\"]}}]"}}, {"model": "admin.logentry", "pk": 84, "fields": {"action_time": "2023-06-23T09:52:30.548Z", "user": 2, "content_type": 15, "object_id": "5", "object_repr": "ESTATE DEVELOPMENT", "action_flag": 2, "change_message": "[{\"changed\": {\"fields\": [\"Content\"]}}]"}}, {"model": "admin.logentry", "pk": 85, "fields": {"action_time": "2023-06-23T09:56:11.391Z", "user": 2, "content_type": 7, "object_id": "3", "object_repr": "Introducing Bethel City Estate: Your Perfect investment Opportunity in Enugu!", "action_flag": 2, "change_message": "[{\"changed\": {\"fields\": [\"Content\"]}}]"}}, {"model": "admin.logentry", "pk": 86, "fields": {"action_time": "2023-06-23T10:03:33.459Z", "user": 2, "content_type": 15, "object_id": "5", "object_repr": "ESTATE DEVELOPMENT", "action_flag": 2, "change_message": "[{\"changed\": {\"fields\": [\"Image\"]}}]"}}, {"model": "admin.logentry", "pk": 87, "fields": {"action_time": "2023-06-23T10:08:03.372Z", "user": 2, "content_type": 15, "object_id": "5", "object_repr": "ESTATE DEVELOPMENT", "action_flag": 2, "change_message": "[{\"changed\": {\"fields\": [\"Image\"]}}]"}}, {"model": "admin.logentry", "pk": 88, "fields": {"action_time": "2023-06-23T10:11:24.410Z", "user": 2, "content_type": 15, "object_id": "5", "object_repr": "ESTATE DEVELOPMENT", "action_flag": 2, "change_message": "[{\"changed\": {\"fields\": [\"Content\"]}}]"}}, {"model": "admin.logentry", "pk": 89, "fields": {"action_time": "2023-06-23T10:15:09.555Z", "user": 2, "content_type": 15, "object_id": "4", "object_repr": "BUY AND SELL PROPERTIES", "action_flag": 2, "change_message": "[{\"changed\": {\"fields\": [\"Image\"]}}]"}}, {"model": "admin.logentry", "pk": 90, "fields": {"action_time": "2023-06-23T10:20:41.922Z", "user": 2, "content_type": 12, "object_id": "2", "object_repr": "REAL ESTATE SERVICES", "action_flag": 2, "change_message": "[{\"changed\": {\"fields\": [\"Image\"]}}]"}}, {"model": "admin.logentry", "pk": 91, "fields": {"action_time": "2023-06-23T10:23:00.648Z", "user": 2, "content_type": 12, "object_id": "2", "object_repr": "REAL ESTATE SERVICES", "action_flag": 2, "change_message": "[]"}}, {"model": "admin.logentry", "pk": 92, "fields": {"action_time": "2023-06-23T10:24:19.679Z", "user": 2, "content_type": 15, "object_id": "4", "object_repr": "BUY OR SELL PROPERTIES", "action_flag": 2, "change_message": "[{\"changed\": {\"fields\": [\"Name\"]}}]"}}, {"model": "admin.logentry", "pk": 93, "fields": {"action_time": "2023-06-23T10:36:36.989Z", "user": 2, "content_type": 11, "object_id": "2", "object_repr": "BOMACH GROUP OF COMPANY", "action_flag": 2, "change_message": "[{\"changed\": {\"fields\": [\"Big text\", \"Small text\", \"Image\"]}}]"}}, {"model": "admin.logentry", "pk": 94, "fields": {"action_time": "2023-06-23T10:44:18.072Z", "user": 2, "content_type": 11, "object_id": "2", "object_repr": "BOMACH GROUP OF COMPANY", "action_flag": 2, "change_message": "[{\"changed\": {\"fields\": [\"Image\"]}}]"}}, {"model": "admin.logentry", "pk": 95, "fields": {"action_time": "2023-06-23T10:45:34.172Z", "user": 2, "content_type": 11, "object_id": "2", "object_repr": "BOMACH GROUP OF COMPANY", "action_flag": 2, "change_message": "[]"}}, {"model": "admin.logentry", "pk": 96, "fields": {"action_time": "2023-06-23T10:50:01.810Z", "user": 2, "content_type": 11, "object_id": "1", "object_repr": "BOMACH GROUP", "action_flag": 2, "change_message": "[{\"changed\": {\"fields\": [\"Big text\", \"Small text\", \"Image\"]}}]"}}, {"model": "admin.logentry", "pk": 97, "fields": {"action_time": "2023-06-23T10:52:01.992Z", "user": 2, "content_type": 11, "object_id": "1", "object_repr": "BOMACH GROUP", "action_flag": 2, "change_message": "[{\"changed\": {\"fields\": [\"Image\"]}}]"}}, {"model": "admin.logentry", "pk": 98, "fields": {"action_time": "2023-06-23T10:59:21.242Z", "user": 2, "content_type": 11, "object_id": "1", "object_repr": "BOMACH GROUP OF COMPANY", "action_flag": 2, "change_message": "[{\"changed\": {\"fields\": [\"Big text\"]}}]"}}, {"model": "admin.logentry", "pk": 99, "fields": {"action_time": "2023-06-23T11:00:15.056Z", "user": 2, "content_type": 11, "object_id": "1", "object_repr": "BOMACH", "action_flag": 2, "change_message": "[{\"changed\": {\"fields\": [\"Big text\"]}}]"}}, {"model": "admin.logentry", "pk": 100, "fields": {"action_time": "2023-06-23T11:00:59.527Z", "user": 2, "content_type": 11, "object_id": "1", "object_repr": "BOMACH GROUP", "action_flag": 2, "change_message": "[{\"changed\": {\"fields\": [\"Big text\"]}}]"}}, {"model": "admin.logentry", "pk": 101, "fields": {"action_time": "2023-06-23T11:03:14.177Z", "user": 2, "content_type": 11, "object_id": "2", "object_repr": "EXPERIENCE EXCELLENCE WITH BOMACH GROUP", "action_flag": 2, "change_message": "[{\"changed\": {\"fields\": [\"Big text\", \"Small text\"]}}]"}}, {"model": "admin.logentry", "pk": 102, "fields": {"action_time": "2023-06-23T11:05:58.408Z", "user": 2, "content_type": 11, "object_id": "2", "object_repr": "Reaching you with Goodness", "action_flag": 2, "change_message": "[{\"changed\": {\"fields\": [\"Big text\"]}}]"}}, {"model": "admin.logentry", "pk": 103, "fields": {"action_time": "2023-06-23T11:08:53.865Z", "user": 2, "content_type": 11, "object_id": "2", "object_repr": "Reaching you with Goodness", "action_flag": 2, "change_message": "[{\"changed\": {\"fields\": [\"Image\"]}}]"}}, {"model": "admin.logentry", "pk": 104, "fields": {"action_time": "2023-06-23T11:16:45.434Z", "user": 2, "content_type": 11, "object_id": "2", "object_repr": "Reaching you with Goodness", "action_flag": 2, "change_message": "[{\"changed\": {\"fields\": [\"Image\"]}}]"}}, {"model": "admin.logentry", "pk": 105, "fields": {"action_time": "2023-06-23T11:20:49.125Z", "user": 2, "content_type": 11, "object_id": "2", "object_repr": "EXPERIENCE EXCELLENCE", "action_flag": 2, "change_message": "[{\"changed\": {\"fields\": [\"Big text\", \"Image\"]}}]"}}, {"model": "admin.logentry", "pk": 106, "fields": {"action_time": "2023-06-23T11:23:20.551Z", "user": 2, "content_type": 11, "object_id": "2", "object_repr": "EXPERIENCE EXCELLENCE", "action_flag": 2, "change_message": "[{\"changed\": {\"fields\": [\"Small text\"]}}]"}}, {"model": "admin.logentry", "pk": 107, "fields": {"action_time": "2023-06-23T11:46:56.074Z", "user": 2, "content_type": 11, "object_id": "1", "object_repr": "BOMACH GROUP", "action_flag": 2, "change_message": "[]"}}, {"model": "admin.logentry", "pk": 108, "fields": {"action_time": "2023-06-23T11:56:44.737Z", "user": 2, "content_type": 11, "object_id": "1", "object_repr": "BOMACH GROUP", "action_flag": 2, "change_message": "[{\"changed\": {\"fields\": [\"Small text\"]}}]"}}, {"model": "admin.logentry", "pk": 109, "fields": {"action_time": "2023-06-23T11:58:24.120Z", "user": 2, "content_type": 11, "object_id": "1", "object_repr": "YOUR TRUSTED PARTNER FOR SUCCESS", "action_flag": 2, "change_message": "[{\"changed\": {\"fields\": [\"Big text\", \"Small text\"]}}]"}}, {"model": "admin.logentry", "pk": 110, "fields": {"action_time": "2023-06-23T12:02:12.674Z", "user": 2, "content_type": 11, "object_id": "1", "object_repr": "Your trusted Partner for Success", "action_flag": 2, "change_message": "[{\"changed\": {\"fields\": [\"Big text\"]}}]"}}, {"model": "admin.logentry", "pk": 111, "fields": {"action_time": "2023-06-23T12:13:39.417Z", "user": 2, "content_type": 15, "object_id": "4", "object_repr": "BUY OR SELL PROPERTIES", "action_flag": 2, "change_message": "[{\"changed\": {\"fields\": [\"Content\"]}}]"}}, {"model": "admin.logentry", "pk": 112, "fields": {"action_time": "2023-06-23T12:54:03.605Z", "user": 2, "content_type": 15, "object_id": "9", "object_repr": "ANALYSIS AND DESIGN", "action_flag": 2, "change_message": "[{\"changed\": {\"fields\": [\"Name\", \"Slug\", \"Image\", \"Content\"]}}]"}}, {"model": "admin.logentry", "pk": 113, "fields": {"action_time": "2023-06-23T13:32:38.907Z", "user": 2, "content_type": 15, "object_id": "8", "object_repr": "STRUCTURAL DETAILING", "action_flag": 2, "change_message": "[{\"changed\": {\"fields\": [\"Name\", \"Slug\", \"Image\", \"Content\"]}}]"}}, {"model": "admin.logentry", "pk": 114, "fields": {"action_time": "2023-06-23T13:34:36.353Z", "user": 2, "content_type": 15, "object_id": "9", "object_repr": "ANALYSIS AND DESIGN", "action_flag": 2, "change_message": "[{\"changed\": {\"fields\": [\"Priority\"]}}]"}}, {"model": "admin.logentry", "pk": 115, "fields": {"action_time": "2023-06-23T14:00:46.206Z", "user": 2, "content_type": 15, "object_id": "4", "object_repr": "BUY OR SELL PROPERTIES", "action_flag": 2, "change_message": "[{\"changed\": {\"fields\": [\"Content\"]}}]"}}, {"model": "admin.logentry", "pk": 116, "fields": {"action_time": "2023-06-23T14:41:17.840Z", "user": 2, "content_type": 16, "object_id": "1", "object_repr": "BETHEL CITY ESTATE", "action_flag": 1, "change_message": "[{\"added\": {}}]"}}, {"model": "admin.logentry", "pk": 117, "fields": {"action_time": "2023-06-23T14:46:20.108Z", "user": 2, "content_type": 16, "object_id": "1", "object_repr": "BETHEL CITY ESTATE", "action_flag": 2, "change_message": "[{\"changed\": {\"fields\": [\"Service\"]}}]"}}, {"model": "admin.logentry", "pk": 118, "fields": {"action_time": "2023-06-23T14:46:22.347Z", "user": 2, "content_type": 16, "object_id": "1", "object_repr": "BETHEL CITY ESTATE", "action_flag": 2, "change_message": "[]"}}, {"model": "admin.logentry", "pk": 119, "fields": {"action_time": "2023-06-23T14:50:16.144Z", "user": 2, "content_type": 16, "object_id": "1", "object_repr": "BETHEL CITY ESTATE", "action_flag": 2, "change_message": "[{\"changed\": {\"fields\": [\"Service\"]}}]"}}, {"model": "admin.logentry", "pk": 120, "fields": {"action_time": "2023-06-23T14:55:57.453Z", "user": 2, "content_type": 15, "object_id": "5", "object_repr": "ESTATE DEVELOPMENT", "action_flag": 2, "change_message": "[{\"changed\": {\"fields\": [\"Content\"]}}]"}}, {"model": "admin.logentry", "pk": 121, "fields": {"action_time": "2023-06-23T14:57:58.027Z", "user": 2, "content_type": 16, "object_id": "1", "object_repr": "BETHEL CITY ESTATE", "action_flag": 2, "change_message": "[{\"changed\": {\"fields\": [\"Service\"]}}]"}}, {"model": "admin.logentry", "pk": 122, "fields": {"action_time": "2023-06-23T15:07:26.849Z", "user": 2, "content_type": 7, "object_id": "3", "object_repr": "Introducing Bethel City Estate: Your Perfect investment Opportunity in Enugu!", "action_flag": 2, "change_message": "[{\"changed\": {\"fields\": [\"Image\", \"Content\"]}}]"}}, {"model": "admin.logentry", "pk": 123, "fields": {"action_time": "2023-06-23T15:15:03.542Z", "user": 2, "content_type": 16, "object_id": "1", "object_repr": "BETHEL CITY ESTATE", "action_flag": 2, "change_message": "[{\"changed\": {\"fields\": [\"Content\"]}}]"}}, {"model": "admin.logentry", "pk": 124, "fields": {"action_time": "2023-06-23T15:17:16.051Z", "user": 2, "content_type": 16, "object_id": "1", "object_repr": "BETHEL CITY ESTATE", "action_flag": 2, "change_message": "[]"}}, {"model": "admin.logentry", "pk": 125, "fields": {"action_time": "2023-06-23T15:35:09.452Z", "user": 2, "content_type": 16, "object_id": "2", "object_repr": "CITY OF DAVID", "action_flag": 1, "change_message": "[{\"added\": {}}]"}}, {"model": "admin.logentry", "pk": 126, "fields": {"action_time": "2023-06-23T15:35:19.542Z", "user": 1, "content_type": 16, "object_id": "3", "object_repr": "test", "action_flag": 1, "change_message": "[{\"added\": {}}]"}}, {"model": "admin.logentry", "pk": 127, "fields": {"action_time": "2023-06-23T15:39:04.905Z", "user": 2, "content_type": 16, "object_id": "4", "object_repr": "CORNER STONE ESTATE", "action_flag": 1, "change_message": "[{\"added\": {}}]"}}, {"model": "admin.logentry", "pk": 128, "fields": {"action_time": "2023-06-23T15:42:34.118Z", "user": 2, "content_type": 16, "object_id": "3", "object_repr": "test", "action_flag": 3, "change_message": ""}}, {"model": "admin.logentry", "pk": 129, "fields": {"action_time": "2023-06-24T10:13:11.484Z", "user": 2, "content_type": 15, "object_id": "4", "object_repr": "BUY OR SELL PROPERTIES", "action_flag": 2, "change_message": "[{\"changed\": {\"fields\": [\"Content\"]}}]"}}, {"model": "admin.logentry", "pk": 130, "fields": {"action_time": "2023-06-24T10:22:23.910Z", "user": 2, "content_type": 15, "object_id": "8", "object_repr": "STRUCTURAL DETAILING", "action_flag": 2, "change_message": "[{\"changed\": {\"fields\": [\"Content\"]}}]"}}, {"model": "admin.logentry", "pk": 131, "fields": {"action_time": "2023-06-24T10:33:12.827Z", "user": 2, "content_type": 16, "object_id": "2", "object_repr": "CITY OF DAVID", "action_flag": 2, "change_message": "[{\"changed\": {\"fields\": [\"Content\", \"Image\"]}}]"}}, {"model": "admin.logentry", "pk": 132, "fields": {"action_time": "2023-06-24T10:40:44.152Z", "user": 2, "content_type": 16, "object_id": "1", "object_repr": "BETHEL CITY ESTATE", "action_flag": 2, "change_message": "[{\"changed\": {\"fields\": [\"Content\", \"Image\"]}}]"}}, {"model": "admin.logentry", "pk": 133, "fields": {"action_time": "2023-06-24T10:43:11.546Z", "user": 2, "content_type": 16, "object_id": "1", "object_repr": "BETHEL CITY ESTATE", "action_flag": 2, "change_message": "[{\"changed\": {\"fields\": [\"Priority\"]}}]"}}, {"model": "admin.logentry", "pk": 134, "fields": {"action_time": "2023-06-24T10:43:40.772Z", "user": 2, "content_type": 16, "object_id": "2", "object_repr": "CITY OF DAVID", "action_flag": 2, "change_message": "[{\"changed\": {\"fields\": [\"Priority\"]}}]"}}, {"model": "admin.logentry", "pk": 135, "fields": {"action_time": "2023-06-24T10:44:01.642Z", "user": 2, "content_type": 16, "object_id": "2", "object_repr": "CITY OF DAVID", "action_flag": 2, "change_message": "[]"}}, {"model": "admin.logentry", "pk": 136, "fields": {"action_time": "2023-06-24T10:44:26.154Z", "user": 2, "content_type": 16, "object_id": "4", "object_repr": "CORNER STONE ESTATE", "action_flag": 2, "change_message": "[{\"changed\": {\"fields\": [\"Priority\"]}}]"}}, {"model": "admin.logentry", "pk": 137, "fields": {"action_time": "2023-06-24T10:49:25.260Z", "user": 2, "content_type": 15, "object_id": "5", "object_repr": "ESTATE DEVELOPMENT", "action_flag": 2, "change_message": "[{\"changed\": {\"fields\": [\"Content\"]}}]"}}, {"model": "admin.logentry", "pk": 138, "fields": {"action_time": "2023-06-24T10:50:00.626Z", "user": 2, "content_type": 15, "object_id": "9", "object_repr": "ANALYSIS AND DESIGN", "action_flag": 2, "change_message": "[{\"changed\": {\"fields\": [\"Priority\"]}}]"}}, {"model": "admin.logentry", "pk": 139, "fields": {"action_time": "2023-06-24T10:50:31.706Z", "user": 2, "content_type": 15, "object_id": "8", "object_repr": "STRUCTURAL DETAILING", "action_flag": 2, "change_message": "[{\"changed\": {\"fields\": [\"Priority\"]}}]"}}, {"model": "admin.logentry", "pk": 140, "fields": {"action_time": "2023-06-24T10:57:35.285Z", "user": 2, "content_type": 15, "object_id": "13", "object_repr": "BUILDING AND CONSTRUCTION", "action_flag": 1, "change_message": "[{\"added\": {}}]"}}, {"model": "admin.logentry", "pk": 141, "fields": {"action_time": "2023-06-24T11:00:20.096Z", "user": 2, "content_type": 15, "object_id": "13", "object_repr": "BUILDING AND CONSTRUCTION", "action_flag": 3, "change_message": ""}}, {"model": "admin.logentry", "pk": 142, "fields": {"action_time": "2023-06-24T11:02:53.337Z", "user": 2, "content_type": 15, "object_id": "14", "object_repr": "BUILDING AND CONSTRUCTION", "action_flag": 1, "change_message": "[{\"added\": {}}]"}}, {"model": "admin.logentry", "pk": 143, "fields": {"action_time": "2023-06-24T11:45:06.823Z", "user": 2, "content_type": 15, "object_id": "14", "object_repr": "BUILDING AND CONSTRUCTION", "action_flag": 2, "change_message": "[{\"changed\": {\"fields\": [\"Content\"]}}]"}}, {"model": "admin.logentry", "pk": 144, "fields": {"action_time": "2023-06-24T11:51:20.553Z", "user": 2, "content_type": 15, "object_id": "14", "object_repr": "BUILDING AND CONSTRUCTION", "action_flag": 2, "change_message": "[{\"changed\": {\"fields\": [\"Content\"]}}]"}}, {"model": "admin.logentry", "pk": 145, "fields": {"action_time": "2023-06-24T13:45:57.378Z", "user": 2, "content_type": 15, "object_id": "7", "object_repr": "INTERIOR DESIGN", "action_flag": 2, "change_message": "[{\"changed\": {\"fields\": [\"Image\", \"Content\"]}}]"}}, {"model": "admin.logentry", "pk": 146, "fields": {"action_time": "2023-06-24T13:52:51.934Z", "user": 2, "content_type": 15, "object_id": "15", "object_repr": "RENOVATION", "action_flag": 1, "change_message": "[{\"added\": {}}]"}}, {"model": "admin.logentry", "pk": 147, "fields": {"action_time": "2023-06-24T14:16:22.149Z", "user": 2, "content_type": 15, "object_id": "15", "object_repr": "RENOVATION", "action_flag": 2, "change_message": "[{\"changed\": {\"fields\": [\"Image\", \"Content\"]}}]"}}, {"model": "admin.logentry", "pk": 148, "fields": {"action_time": "2023-06-24T14:35:48.724Z", "user": 2, "content_type": 15, "object_id": "15", "object_repr": "RENOVATION", "action_flag": 2, "change_message": "[{\"changed\": {\"fields\": [\"Image\", \"Content\"]}}]"}}, {"model": "admin.logentry", "pk": 149, "fields": {"action_time": "2023-06-25T03:08:51.596Z", "user": 2, "content_type": 15, "object_id": "3", "object_repr": "Land Survey", "action_flag": 2, "change_message": "[{\"changed\": {\"fields\": [\"Image\", \"Content\"]}}]"}}, {"model": "admin.logentry", "pk": 150, "fields": {"action_time": "2023-06-25T03:10:08.726Z", "user": 2, "content_type": 15, "object_id": "3", "object_repr": "Land Survey", "action_flag": 2, "change_message": "[{\"changed\": {\"fields\": [\"Priority\"]}}]"}}, {"model": "admin.logentry", "pk": 151, "fields": {"action_time": "2023-06-25T03:34:16.512Z", "user": 2, "content_type": 15, "object_id": "6", "object_repr": "Land Documentation", "action_flag": 2, "change_message": "[{\"changed\": {\"fields\": [\"Image\", \"Content\", \"Priority\"]}}]"}}, {"model": "admin.logentry", "pk": 152, "fields": {"action_time": "2023-06-25T03:37:08.948Z", "user": 2, "content_type": 15, "object_id": "6", "object_repr": "Land Documentation", "action_flag": 2, "change_message": "[{\"changed\": {\"fields\": [\"Content\"]}}]"}}, {"model": "admin.logentry", "pk": 153, "fields": {"action_time": "2023-06-25T03:41:13.148Z", "user": 2, "content_type": 12, "object_id": "3", "object_repr": "LAND SERVICES", "action_flag": 2, "change_message": "[{\"changed\": {\"fields\": [\"Priority\"]}}]"}}, {"model": "admin.logentry", "pk": 154, "fields": {"action_time": "2023-06-25T03:42:29.813Z", "user": 2, "content_type": 12, "object_id": "3", "object_repr": "LAND SERVICES", "action_flag": 2, "change_message": "[{\"changed\": {\"fields\": [\"Rating\"]}}]"}}, {"model": "admin.logentry", "pk": 155, "fields": {"action_time": "2023-06-25T04:35:39.259Z", "user": 2, "content_type": 12, "object_id": "5", "object_repr": "WEB DEVELOPMENT / BUSINESS AUTOMATION", "action_flag": 2, "change_message": "[{\"changed\": {\"fields\": [\"Image\", \"Content\"]}}]"}}, {"model": "admin.logentry", "pk": 156, "fields": {"action_time": "2023-06-25T04:41:44.589Z", "user": 2, "content_type": 12, "object_id": "5", "object_repr": "WEB DEVELOPMENT / BUSINESS AUTOMATION", "action_flag": 2, "change_message": "[{\"changed\": {\"fields\": [\"Content\"]}}]"}}, {"model": "admin.logentry", "pk": 157, "fields": {"action_time": "2023-06-25T05:09:18.237Z", "user": 2, "content_type": 12, "object_id": "6", "object_repr": "LOGISTICS AND COURIER SERVICES", "action_flag": 2, "change_message": "[{\"changed\": {\"fields\": [\"Image\", \"Content\"]}}]"}}, {"model": "admin.logentry", "pk": 158, "fields": {"action_time": "2023-06-25T06:09:43.221Z", "user": 2, "content_type": 12, "object_id": "7", "object_repr": "FOOD AND FARMS", "action_flag": 2, "change_message": "[{\"changed\": {\"fields\": [\"Image\", \"Content\"]}}]"}}, {"model": "admin.logentry", "pk": 159, "fields": {"action_time": "2023-06-25T06:14:30.395Z", "user": 2, "content_type": 15, "object_id": "10", "object_repr": "CASSAVA PRODUCTION AND PROCESSING", "action_flag": 2, "change_message": "[{\"changed\": {\"fields\": [\"Image\", \"Content\"]}}]"}}, {"model": "admin.logentry", "pk": 160, "fields": {"action_time": "2023-06-25T06:17:41.909Z", "user": 2, "content_type": 15, "object_id": "10", "object_repr": "CASSAVA PRODUCTION AND PROCESSING", "action_flag": 2, "change_message": "[{\"changed\": {\"fields\": [\"Content\", \"Priority\"]}}]"}}, {"model": "admin.logentry", "pk": 161, "fields": {"action_time": "2023-06-25T06:27:15.476Z", "user": 2, "content_type": 15, "object_id": "11", "object_repr": "OUR BAKERY", "action_flag": 2, "change_message": "[{\"changed\": {\"fields\": [\"Image\", \"Content\"]}}]"}}, {"model": "admin.logentry", "pk": 162, "fields": {"action_time": "2023-06-25T08:12:36.687Z", "user": 1, "content_type": 11, "object_id": "3", "object_repr": "Real estate", "action_flag": 1, "change_message": "[{\"added\": {}}]"}}, {"model": "admin.logentry", "pk": 163, "fields": {"action_time": "2023-06-25T08:14:39.549Z", "user": 1, "content_type": 11, "object_id": "3", "object_repr": "Real estate", "action_flag": 3, "change_message": ""}}, {"model": "admin.logentry", "pk": 164, "fields": {"action_time": "2023-06-25T14:08:38.713Z", "user": 1, "content_type": 19, "object_id": "1", "object_repr": "ProductImage object (1)", "action_flag": 1, "change_message": "[{\"added\": {}}]"}}, {"model": "admin.logentry", "pk": 165, "fields": {"action_time": "2023-06-25T14:09:12.429Z", "user": 1, "content_type": 19, "object_id": "2", "object_repr": "ProductImage object (2)", "action_flag": 1, "change_message": "[{\"added\": {}}]"}}, {"model": "admin.logentry", "pk": 166, "fields": {"action_time": "2023-06-25T14:10:44.092Z", "user": 1, "content_type": 16, "object_id": "1", "object_repr": "BETHEL CITY ESTATE", "action_flag": 2, "change_message": "[{\"changed\": {\"fields\": [\"Product images\"]}}]"}}, {"model": "admin.logentry", "pk": 167, "fields": {"action_time": "2023-06-25T18:31:34.807Z", "user": 1, "content_type": 16, "object_id": "NipH1x", "object_repr": "new product", "action_flag": 1, "change_message": "[{\"added\": {}}]"}}, {"model": "admin.logentry", "pk": 168, "fields": {"action_time": "2023-06-26T15:06:18.818Z", "user": 2, "content_type": 19, "object_id": "3", "object_repr": "ProductImage object (3)", "action_flag": 1, "change_message": "[{\"added\": {}}]"}}, {"model": "admin.logentry", "pk": 169, "fields": {"action_time": "2023-06-26T15:07:34.052Z", "user": 2, "content_type": 19, "object_id": "4", "object_repr": "ProductImage object (4)", "action_flag": 1, "change_message": "[{\"added\": {}}]"}}, {"model": "admin.logentry", "pk": 170, "fields": {"action_time": "2023-06-26T15:10:03.002Z", "user": 2, "content_type": 16, "object_id": "B01", "object_repr": "Bethel City", "action_flag": 1, "change_message": "[{\"added\": {}}]"}}, {"model": "admin.logentry", "pk": 171, "fields": {"action_time": "2023-06-26T15:29:57.975Z", "user": 2, "content_type": 16, "object_id": "B01", "object_repr": "Bethel City", "action_flag": 2, "change_message": "[{\"changed\": {\"fields\": [\"Content\"]}}]"}}, {"model": "admin.logentry", "pk": 172, "fields": {"action_time": "2023-06-26T15:32:50.953Z", "user": 2, "content_type": 16, "object_id": "1", "object_repr": "BETHEL CITY ESTATE", "action_flag": 3, "change_message": ""}}, {"model": "admin.logentry", "pk": 173, "fields": {"action_time": "2023-06-26T15:34:36.838Z", "user": 2, "content_type": 16, "object_id": "B01", "object_repr": "BETHEL CITY ESTATE", "action_flag": 2, "change_message": "[{\"changed\": {\"fields\": [\"Name\", \"Content\"]}}]"}}, {"model": "admin.logentry", "pk": 174, "fields": {"action_time": "2023-06-26T15:43:52.265Z", "user": 2, "content_type": 16, "object_id": "B01", "object_repr": "BETHEL CITY ESTATE", "action_flag": 2, "change_message": "[{\"changed\": {\"fields\": [\"Content\"]}}]"}}, {"model": "admin.logentry", "pk": 175, "fields": {"action_time": "2023-06-26T15:57:32.279Z", "user": 2, "content_type": 16, "object_id": "B02", "object_repr": "CITY OF DAVI", "action_flag": 2, "change_message": "[{\"changed\": {\"fields\": [\"Name\", \"Slug\", \"Content\", \"Product images\"]}}]"}}, {"model": "admin.logentry", "pk": 176, "fields": {"action_time": "2023-06-26T15:59:09.411Z", "user": 2, "content_type": 16, "object_id": "2", "object_repr": "CITY OF DAVID", "action_flag": 3, "change_message": ""}}, {"model": "admin.logentry", "pk": 177, "fields": {"action_time": "2023-06-26T16:00:03.098Z", "user": 2, "content_type": 16, "object_id": "B02", "object_repr": "CITY OF DAVID", "action_flag": 2, "change_message": "[{\"changed\": {\"fields\": [\"Name\", \"Slug\"]}}]"}}, {"model": "admin.logentry", "pk": 178, "fields": {"action_time": "2023-06-26T16:06:47.352Z", "user": 2, "content_type": 19, "object_id": "5", "object_repr": "ProductImage object (5)", "action_flag": 1, "change_message": "[{\"added\": {}}]"}}, {"model": "admin.logentry", "pk": 179, "fields": {"action_time": "2023-06-26T16:07:31.792Z", "user": 2, "content_type": 19, "object_id": "6", "object_repr": "ProductImage object (6)", "action_flag": 1, "change_message": "[{\"added\": {}}]"}}, {"model": "admin.logentry", "pk": 180, "fields": {"action_time": "2023-06-26T16:07:51.877Z", "user": 2, "content_type": 16, "object_id": "B02", "object_repr": "CITY OF DAVID", "action_flag": 2, "change_message": "[{\"changed\": {\"fields\": [\"Product images\"]}}]"}}, {"model": "auth.permission", "pk": 1, "fields": {"name": "Can add log entry", "content_type": 1, "codename": "add_logentry"}}, {"model": "auth.permission", "pk": 2, "fields": {"name": "Can change log entry", "content_type": 1, "codename": "change_logentry"}}, {"model": "auth.permission", "pk": 3, "fields": {"name": "Can delete log entry", "content_type": 1, "codename": "delete_logentry"}}, {"model": "auth.permission", "pk": 4, "fields": {"name": "Can view log entry", "content_type": 1, "codename": "view_logentry"}}, {"model": "auth.permission", "pk": 5, "fields": {"name": "Can add permission", "content_type": 2, "codename": "add_permission"}}, {"model": "auth.permission", "pk": 6, "fields": {"name": "Can change permission", "content_type": 2, "codename": "change_permission"}}, {"model": "auth.permission", "pk": 7, "fields": {"name": "Can delete permission", "content_type": 2, "codename": "delete_permission"}}, {"model": "auth.permission", "pk": 8, "fields": {"name": "Can view permission", "content_type": 2, "codename": "view_permission"}}, {"model": "auth.permission", "pk": 9, "fields": {"name": "Can add group", "content_type": 3, "codename": "add_group"}}, {"model": "auth.permission", "pk": 10, "fields": {"name": "Can change group", "content_type": 3, "codename": "change_group"}}, {"model": "auth.permission", "pk": 11, "fields": {"name": "Can delete group", "content_type": 3, "codename": "delete_group"}}, {"model": "auth.permission", "pk": 12, "fields": {"name": "Can view group", "content_type": 3, "codename": "view_group"}}, {"model": "auth.permission", "pk": 13, "fields": {"name": "Can add user", "content_type": 4, "codename": "add_user"}}, {"model": "auth.permission", "pk": 14, "fields": {"name": "Can change user", "content_type": 4, "codename": "change_user"}}, {"model": "auth.permission", "pk": 15, "fields": {"name": "Can delete user", "content_type": 4, "codename": "delete_user"}}, {"model": "auth.permission", "pk": 16, "fields": {"name": "Can view user", "content_type": 4, "codename": "view_user"}}, {"model": "auth.permission", "pk": 17, "fields": {"name": "Can add content type", "content_type": 5, "codename": "add_contenttype"}}, {"model": "auth.permission", "pk": 18, "fields": {"name": "Can change content type", "content_type": 5, "codename": "change_contenttype"}}, {"model": "auth.permission", "pk": 19, "fields": {"name": "Can delete content type", "content_type": 5, "codename": "delete_contenttype"}}, {"model": "auth.permission", "pk": 20, "fields": {"name": "Can view content type", "content_type": 5, "codename": "view_contenttype"}}, {"model": "auth.permission", "pk": 21, "fields": {"name": "Can add session", "content_type": 6, "codename": "add_session"}}, {"model": "auth.permission", "pk": 22, "fields": {"name": "Can change session", "content_type": 6, "codename": "change_session"}}, {"model": "auth.permission", "pk": 23, "fields": {"name": "Can delete session", "content_type": 6, "codename": "delete_session"}}, {"model": "auth.permission", "pk": 24, "fields": {"name": "Can view session", "content_type": 6, "codename": "view_session"}}, {"model": "auth.permission", "pk": 25, "fields": {"name": "Can add blog", "content_type": 7, "codename": "add_blog"}}, {"model": "auth.permission", "pk": 26, "fields": {"name": "Can change blog", "content_type": 7, "codename": "change_blog"}}, {"model": "auth.permission", "pk": 27, "fields": {"name": "Can delete blog", "content_type": 7, "codename": "delete_blog"}}, {"model": "auth.permission", "pk": 28, "fields": {"name": "Can view blog", "content_type": 7, "codename": "view_blog"}}, {"model": "auth.permission", "pk": 29, "fields": {"name": "Can add project", "content_type": 8, "codename": "add_project"}}, {"model": "auth.permission", "pk": 30, "fields": {"name": "Can change project", "content_type": 8, "codename": "change_project"}}, {"model": "auth.permission", "pk": 31, "fields": {"name": "Can delete project", "content_type": 8, "codename": "delete_project"}}, {"model": "auth.permission", "pk": 32, "fields": {"name": "Can view project", "content_type": 8, "codename": "view_project"}}, {"model": "auth.permission", "pk": 33, "fields": {"name": "Can add customer review", "content_type": 9, "codename": "add_customerreview"}}, {"model": "auth.permission", "pk": 34, "fields": {"name": "Can change customer review", "content_type": 9, "codename": "change_customerreview"}}, {"model": "auth.permission", "pk": 35, "fields": {"name": "Can delete customer review", "content_type": 9, "codename": "delete_customerreview"}}, {"model": "auth.permission", "pk": 36, "fields": {"name": "Can view customer review", "content_type": 9, "codename": "view_customerreview"}}, {"model": "auth.permission", "pk": 37, "fields": {"name": "Can add employee", "content_type": 10, "codename": "add_employee"}}, {"model": "auth.permission", "pk": 38, "fields": {"name": "Can change employee", "content_type": 10, "codename": "change_employee"}}, {"model": "auth.permission", "pk": 39, "fields": {"name": "Can delete employee", "content_type": 10, "codename": "delete_employee"}}, {"model": "auth.permission", "pk": 40, "fields": {"name": "Can view employee", "content_type": 10, "codename": "view_employee"}}, {"model": "auth.permission", "pk": 41, "fields": {"name": "Can add home slider", "content_type": 11, "codename": "add_homeslider"}}, {"model": "auth.permission", "pk": 42, "fields": {"name": "Can change home slider", "content_type": 11, "codename": "change_homeslider"}}, {"model": "auth.permission", "pk": 43, "fields": {"name": "Can delete home slider", "content_type": 11, "codename": "delete_homeslider"}}, {"model": "auth.permission", "pk": 44, "fields": {"name": "Can view home slider", "content_type": 11, "codename": "view_homeslider"}}, {"model": "auth.permission", "pk": 45, "fields": {"name": "Can add service", "content_type": 12, "codename": "add_service"}}, {"model": "auth.permission", "pk": 46, "fields": {"name": "Can change service", "content_type": 12, "codename": "change_service"}}, {"model": "auth.permission", "pk": 47, "fields": {"name": "Can delete service", "content_type": 12, "codename": "delete_service"}}, {"model": "auth.permission", "pk": 48, "fields": {"name": "Can view service", "content_type": 12, "codename": "view_service"}}, {"model": "auth.permission", "pk": 49, "fields": {"name": "Can add partner slider", "content_type": 13, "codename": "add_partnerslider"}}, {"model": "auth.permission", "pk": 50, "fields": {"name": "Can change partner slider", "content_type": 13, "codename": "change_partnerslider"}}, {"model": "auth.permission", "pk": 51, "fields": {"name": "Can delete partner slider", "content_type": 13, "codename": "delete_partnerslider"}}, {"model": "auth.permission", "pk": 52, "fields": {"name": "Can view partner slider", "content_type": 13, "codename": "view_partnerslider"}}, {"model": "auth.permission", "pk": 53, "fields": {"name": "Can add quote", "content_type": 14, "codename": "add_quote"}}, {"model": "auth.permission", "pk": 54, "fields": {"name": "Can change quote", "content_type": 14, "codename": "change_quote"}}, {"model": "auth.permission", "pk": 55, "fields": {"name": "Can delete quote", "content_type": 14, "codename": "delete_quote"}}, {"model": "auth.permission", "pk": 56, "fields": {"name": "Can view quote", "content_type": 14, "codename": "view_quote"}}, {"model": "auth.permission", "pk": 57, "fields": {"name": "Can add sub service", "content_type": 15, "codename": "add_subservice"}}, {"model": "auth.permission", "pk": 58, "fields": {"name": "Can change sub service", "content_type": 15, "codename": "change_subservice"}}, {"model": "auth.permission", "pk": 59, "fields": {"name": "Can delete sub service", "content_type": 15, "codename": "delete_subservice"}}, {"model": "auth.permission", "pk": 60, "fields": {"name": "Can view sub service", "content_type": 15, "codename": "view_subservice"}}, {"model": "auth.permission", "pk": 61, "fields": {"name": "Can add product", "content_type": 16, "codename": "add_product"}}, {"model": "auth.permission", "pk": 62, "fields": {"name": "Can change product", "content_type": 16, "codename": "change_product"}}, {"model": "auth.permission", "pk": 63, "fields": {"name": "Can delete product", "content_type": 16, "codename": "delete_product"}}, {"model": "auth.permission", "pk": 64, "fields": {"name": "Can view product", "content_type": 16, "codename": "view_product"}}, {"model": "auth.permission", "pk": 65, "fields": {"name": "Can add Contact us", "content_type": 17, "codename": "add_contactus"}}, {"model": "auth.permission", "pk": 66, "fields": {"name": "Can change Contact us", "content_type": 17, "codename": "change_contactus"}}, {"model": "auth.permission", "pk": 67, "fields": {"name": "Can delete Contact us", "content_type": 17, "codename": "delete_contactus"}}, {"model": "auth.permission", "pk": 68, "fields": {"name": "Can view Contact us", "content_type": 17, "codename": "view_contactus"}}, {"model": "auth.permission", "pk": 69, "fields": {"name": "Can add Booking", "content_type": 18, "codename": "add_booking"}}, {"model": "auth.permission", "pk": 70, "fields": {"name": "Can change Booking", "content_type": 18, "codename": "change_booking"}}, {"model": "auth.permission", "pk": 71, "fields": {"name": "Can delete Booking", "content_type": 18, "codename": "delete_booking"}}, {"model": "auth.permission", "pk": 72, "fields": {"name": "Can view Booking", "content_type": 18, "codename": "view_booking"}}, {"model": "auth.permission", "pk": 73, "fields": {"name": "Can add product image", "content_type": 19, "codename": "add_productimage"}}, {"model": "auth.permission", "pk": 74, "fields": {"name": "Can change product image", "content_type": 19, "codename": "change_productimage"}}, {"model": "auth.permission", "pk": 75, "fields": {"name": "Can delete product image", "content_type": 19, "codename": "delete_productimage"}}, {"model": "auth.permission", "pk": 76, "fields": {"name": "Can view product image", "content_type": 19, "codename": "view_productimage"}}, {"model": "auth.permission", "pk": 77, "fields": {"name": "Can add Email Subscriber", "content_type": 20, "codename": "add_email"}}, {"model": "auth.permission", "pk": 78, "fields": {"name": "Can change Email Subscriber", "content_type": 20, "codename": "change_email"}}, {"model": "auth.permission", "pk": 79, "fields": {"name": "Can delete Email Subscriber", "content_type": 20, "codename": "delete_email"}}, {"model": "auth.permission", "pk": 80, "fields": {"name": "Can view Email Subscriber", "content_type": 20, "codename": "view_email"}}, {"model": "auth.user", "pk": 1, "fields": {"password": "pbkdf2_sha256$260000$qU67vU6GIYIokRLG7GdXXE$6NwSgaBSAqPBkliNRqLfurXI3/c+PjlNRz5CUb1cOZ0=", "last_login": "2023-06-22T15:05:01.922Z", "is_superuser": true, "username": "admin", "first_name": "", "last_name": "", "email": "admin@gmail.com", "is_staff": true, "is_active": true, "date_joined": "2023-06-20T06:41:10.529Z", "groups": [], "user_permissions": []}}, {"model": "auth.user", "pk": 2, "fields": {"password": "pbkdf2_sha256$260000$R4ZWxwVChx9TqdkUCbVZ4Y$L0UfyF4tLQcoedzrO46LW5/LLEfqLJoo5QvXL/72pjg=", "last_login": "2023-06-26T14:19:32.678Z", "is_superuser": true, "username": "admin2", "first_name": "", "last_name": "", "email": "", "is_staff": true, "is_active": true, "date_joined": "2023-06-21T13:02:31Z", "groups": [], "user_permissions": []}}, {"model": "contenttypes.contenttype", "pk": 1, "fields": {"app_label": "admin", "model": "logentry"}}, {"model": "contenttypes.contenttype", "pk": 2, "fields": {"app_label": "auth", "model": "permission"}}, {"model": "contenttypes.contenttype", "pk": 3, "fields": {"app_label": "auth", "model": "group"}}, {"model": "contenttypes.contenttype", "pk": 4, "fields": {"app_label": "auth", "model": "user"}}, {"model": "contenttypes.contenttype", "pk": 5, "fields": {"app_label": "contenttypes", "model": "contenttype"}}, {"model": "contenttypes.contenttype", "pk": 6, "fields": {"app_label": "sessions", "model": "session"}}, {"model": "contenttypes.contenttype", "pk": 7, "fields": {"app_label": "main", "model": "blog"}}, {"model": "contenttypes.contenttype", "pk": 8, "fields": {"app_label": "main", "model": "project"}}, {"model": "contenttypes.contenttype", "pk": 9, "fields": {"app_label": "main", "model": "customerreview"}}, {"model": "contenttypes.contenttype", "pk": 10, "fields": {"app_label": "main", "model": "employee"}}, {"model": "contenttypes.contenttype", "pk": 11, "fields": {"app_label": "main", "model": "homeslider"}}, {"model": "contenttypes.contenttype", "pk": 12, "fields": {"app_label": "main", "model": "service"}}, {"model": "contenttypes.contenttype", "pk": 13, "fields": {"app_label": "main", "model": "partnerslider"}}, {"model": "contenttypes.contenttype", "pk": 14, "fields": {"app_label": "main", "model": "quote"}}, {"model": "contenttypes.contenttype", "pk": 15, "fields": {"app_label": "main", "model": "subservice"}}, {"model": "contenttypes.contenttype", "pk": 16, "fields": {"app_label": "main", "model": "product"}}, {"model": "contenttypes.contenttype", "pk": 17, "fields": {"app_label": "main", "model": "contactus"}}, {"model": "contenttypes.contenttype", "pk": 18, "fields": {"app_label": "main", "model": "booking"}}, {"model": "contenttypes.contenttype", "pk": 19, "fields": {"app_label": "main", "model": "productimage"}}, {"model": "contenttypes.contenttype", "pk": 20, "fields": {"app_label": "main", "model": "email"}}, {"model": "sessions.session", "pk": "1f3v4be579btumduf37jal6izj2a45fa", "fields": {"session_data": ".eJxVjDEOwjAMRe-SGUU1OHbDyN4zVI6T0AJKpKadEHdHlTrA-t97_21G2dZp3Fpaxjmaqzmb0-8WRJ-p7CA-pNyr1VrWZQ52V-xBmx1qTK_b4f4dTNKmvWYiipBBAb2oYwL1nBnZJw_UKYjrUTJg7C6s0eVAfXCIqCnkjs3nC9PSN7Q:1qDn40:zocGy12vWQwlYZ1hURchdXLVLtc4MPhJp8MR1hxH0RI", "expire_date": "2023-07-10T14:19:32.781Z"}}, {"model": "sessions.session", "pk": "1wer3r2f9a40vtocytxamwpzsm6u2el7", "fields": {"session_data": ".eJxVjDsOwyAQBe9CHSGw-aZM7zOghV1iJxFIxq6i3D1YcpG0M_PemwXYtznsjdawILsyyS6_LEJ6UjkEPqDcK0-1bOsS-ZHw0zY-VaTX7Wz_DmZoc19TViYKH23W0YxSDpiNIZtNdp07NArAkkZHA1qZobde6EGI0WslkmKfL_ACN6o:1qCGYX:OuNCTiCslNSuLpn9XdJevcmubNo-ol7y9wi2tMmHjcU", "expire_date": "2023-07-06T09:24:45.592Z"}}, {"model": "sessions.session", "pk": "521a2vvwt52kkeb7szr31weg4pa63s11", "fields": {"session_data": ".eJxVjDsOwyAQBe9CHSGw-aZM7zOghV1iJxFIxq6i3D1YcpG0M_PemwXYtznsjdawILsyyS6_LEJ6UjkEPqDcK0-1bOsS-ZHw0zY-VaTX7Wz_DmZoc19TViYKH23W0YxSDpiNIZtNdp07NArAkkZHA1qZobde6EGI0WslkmKfL_ACN6o:1qBVJk:YVzDedMqBbY_rSf7i0bx0tr25GAGzPq7eo0mZg3mxRQ", "expire_date": "2023-07-04T06:58:20.876Z"}}, {"model": "sessions.session", "pk": "f59i93akkdr2nvspz9dytts1vxd4gn5b", "fields": {"session_data": ".eJxVjDEOwjAMRe-SGUU1OHbDyN4zVI6T0AJKpKadEHdHlTrA-t97_21G2dZp3Fpaxjmaqzmb0-8WRJ-p7CA-pNyr1VrWZQ52V-xBmx1qTK_b4f4dTNKmvWYiipBBAb2oYwL1nBnZJw_UKYjrUTJg7C6s0eVAfXCIqCnkjs3nC9PSN7Q:1qBxvp:q9gr_G2JMN03bW0sQ21NM6O_qOGB4HmrfQsUtzhzp3c", "expire_date": "2023-07-05T13:31:33.127Z"}}, {"model": "sessions.session", "pk": "huqkypv8ps8vv9yll65jgeo6hq2ri1wi", "fields": {"session_data": ".eJxVjDEOwjAMRe-SGUU1OHbDyN4zVI6T0AJKpKadEHdHlTrA-t97_21G2dZp3Fpaxjmaqzmb0-8WRJ-p7CA-pNyr1VrWZQ52V-xBmx1qTK_b4f4dTNKmvWYiipBBAb2oYwL1nBnZJw_UKYjrUTJg7C6s0eVAfXCIqCnkjs3nC9PSN7Q:1qC2lK:7GKD96UBo9hL9BXaqZrMV_xQeGVR_88C3enp1q2MVGM", "expire_date": "2023-07-05T18:41:02.881Z"}}, {"model": "sessions.session", "pk": "kqn9k8auzuhl3uj074vnmxxk60waq6ef", "fields": {"session_data": ".eJxVjDsOwyAQBe9CHSGw-aZM7zOghV1iJxFIxq6i3D1YcpG0M_PemwXYtznsjdawILsyyS6_LEJ6UjkEPqDcK0-1bOsS-ZHw0zY-VaTX7Wz_DmZoc19TViYKH23W0YxSDpiNIZtNdp07NArAkkZHA1qZobde6EGI0WslkmKfL_ACN6o:1qCLrq:caH4WPsePMlmKfBbyYQvBzJcuFAWH2kcZzI3y_fXMw8", "expire_date": "2023-07-06T15:05:02.101Z"}}, {"model": "sessions.session", "pk": "ojzd7x9lsev0l2rg3zieuunulhg4p59v", "fields": {"session_data": ".eJxVjDEOwjAMRe-SGUU1OHbDyN4zVI6T0AJKpKadEHdHlTrA-t97_21G2dZp3Fpaxjmaqzmb0-8WRJ-p7CA-pNyr1VrWZQ52V-xBmx1qTK_b4f4dTNKmvWYiipBBAb2oYwL1nBnZJw_UKYjrUTJg7C6s0eVAfXCIqCnkjs3nC9PSN7Q:1qDFfY:fR6YJBEpfgibp9H8aKC33ObWI-zqZPt4toWcCwvNga4", "expire_date": "2023-07-09T02:40:04.121Z"}}, {"model": "sessions.session", "pk": "vbpysf9eyt9a411qvoa60o5aunoh4mzt", "fields": {"session_data": ".eJxVjDsOwyAQBe9CHSGw-aZM7zOghV1iJxFIxq6i3D1YcpG0M_PemwXYtznsjdawILsyyS6_LEJ6UjkEPqDcK0-1bOsS-ZHw0zY-VaTX7Wz_DmZoc19TViYKH23W0YxSDpiNIZtNdp07NArAkkZHA1qZobde6EGI0WslkmKfL_ACN6o:1qBrZt:1lmybOSx9POAe2ILOwf67vSdaaZCPaVrCWc43q6RYtk", "expire_date": "2023-07-05T06:44:29.446Z"}}, {"model": "main.service", "pk": 2, "fields": {"name": "REAL ESTATE SERVICES", "slug": "real-estate-services", "image": "media/images/construction_tgtytl", "content": "<p>&nbsp;</p>\r\n\r\n<p>&nbsp;</p>\r\n\r\n<p>&nbsp;</p>", "rating": 100, "priority": 100, "date": "2023-06-22T09:08:22Z"}}, {"model": "main.service", "pk": 3, "fields": {"name": "LAND SERVICES", "slug": "land-services", "image": "media/images/20221027_014510_0000_kwt9u8", "content": "<h5>LAND SERVICES</h5>", "rating": 85, "priority": 79, "date": "2023-06-22T09:11:05Z"}}, {"model": "main.service", "pk": 4, "fields": {"name": "CIVIL ENGINEERING SERVICES", "slug": "civil-engineering-services", "image": "media/images/20221027_205432_0000_dhwyy2", "content": "<h5>CIVIL ENGINEERING SERVICES</h5>", "rating": 85, "priority": 80, "date": "2023-06-22T09:11:51Z"}}, {"model": "main.service", "pk": 5, "fields": {"name": "WEB DEVELOPMENT / BUSINESS AUTOMATION", "slug": "web-development-business-automation", "image": "media/images/web_dev2_edqtja", "content": "<p><span style=\"font-size:16px\"><big>Bomach Group isn&#39;t just a pioneer in physical infrastructure; we also excel in digital innovation.</big></span></p>\r\n\r\n<p><span style=\"font-size:16px\"><big>In today&#39;s fast-paced digital world, businesses need a trusted partner to help them navigate the ever-evolving technological landscape. That is where we come in. We are a dynamic and innovative team of experts specializing in web/app development and business automation. With our unwavering commitment to excellence, we empower businesses to thrive in the digital realm.</big></span></p>\r\n\r\n<p><span style=\"font-size:16px\"><big>At Bomach Group, we understand that every business is unique, and we take pride in tailoring our services to meet your specific needs. Whether you&#39;re a small start-up or a large enterprise, we have the skills and expertise to deliver top-notch solutions that will propel your business forward.</big></span></p>\r\n\r\n<p><span style=\"font-size:16px\"><big>Our web/app development services are second to none. Our team of talented designers and developers work hand-in-hand to create stunning, user-friendly websites and apps that leave a lasting impression on your audience. From eye-catching designs to seamless functionality, we ensure that your online presence captivates visitors and drives conversions. Whether you need a simple website or a complex e-commerce platform, we&#39;ve got you covered.</big></span></p>\r\n\r\n<p><span style=\"font-size:16px\"><big>We go the extra mile by integrating cutting-edge business automation solutions into your operations. Our automation services streamline your business workflows, automating repetitive tasks and freeing up your valuable resources. From customer relationship management to inventory management, we leverage the power of technology to optimize your business processes and boost efficiency.</big></span></p>\r\n\r\n<p><span style=\"font-size:16px\"><big>Our portfolio speaks for itself. We have successfully served a diverse range of clients across various industries, delivering exceptional results and earning their trust. So, if you&#39;re ready to take your business to new heights, partner with Bomach Group. Let us unleash the power of technology to transform your online presence and streamline your operations. Together, we will build a digital future that propels your business to unparalleled success.</big></span></p>\r\n\r\n<p><span style=\"font-size:16px\"><big>Contact us today and discover how Bomach Group can be the catalyst for your digital transformation.</big></span></p>", "rating": 80, "priority": 70, "date": "2023-06-22T09:12:24Z"}}, {"model": "main.service", "pk": 6, "fields": {"name": "LOGISTICS AND COURIER SERVICES", "slug": "logistics-and-courier-services", "image": "media/images/IMG-20230624-WA0007_mnx8bn", "content": "<p><big><span style=\"font-size:16px\">In today&#39;s fast-paced world, efficient and reliable logistics and courier services are crucial for businesses and individuals alike. That&#39;s why we take great pride in being your trusted partner, providing top-notch solutions tailored to your specific needs. When it comes to delivering excellence, we don&#39;t just meet expectations&mdash;we surpass them!</span></big></p>\r\n\r\n<p><big><span style=\"font-size:16px\">We offer a wide range of services designed to cater to businesses of all sizes and individuals with varying requirements. Whether you need express courier services, last-mile delivery, warehousing and distribution, or specialized logistics solutions, we have you covered. Our flexible options ensure that we can accommodate your unique demands efficiently and cost-effectively.</span></big></p>\r\n\r\n<p><big><span style=\"font-size:16px\">We handle logistics and courier needs with precision and speed ensuring swift and secure deliveries. Our well-trained staff adheres to strict protocols and employs best practices to ensure the integrity and confidentiality of your shipments.</span></big></p>\r\n\r\n<p><big><span style=\"font-size:16px\">At Bomach Group, your satisfaction is our priority. We strive to provide exceptional customer service at every step of the journey. Our dedicated support team is available round the clock to address your queries, provide real-time updates, and offer personalized assistance. With us, you&#39;re not just a customer; you&#39;re part of the Bomach family.</span></big></p>\r\n\r\n<p><big><span style=\"font-size:16px\">Contact us now to discuss your logistics and courier requirements. Let us be your reliable partner on the journey to success!</span></big></p>", "rating": 80, "priority": 60, "date": "2023-06-22T09:13:10Z"}}, {"model": "main.service", "pk": 7, "fields": {"name": "FOOD AND FARMS", "slug": "food-and-farms", "image": "media/images/IMG-20230624-WA0002_bdakk9", "content": "<p><big><span style=\"font-size:16px\">Bomach Group is a dynamic and innovative company deeply committed to agriculture and food production with a strong focus on cassava production, garri processing, and quality bread bakery.</span></big></p>\r\n\r\n<p><big><span style=\"font-size:16px\">By leveraging advanced technologies and sustainable practices, we strive to meet the growing demand for nutritious food products while contributing to the economic development of the nation.</span></big></p>\r\n\r\n<p><big><span style=\"font-size:16px\"><strong>Cassava Production</strong></span></big><big><span style=\"font-size:16px\"> </span></big></p>\r\n\r\n<p><big><span style=\"font-size:16px\">We recognize the significance of cassava as a versatile and resilient crop that plays a vital role in food security and economic empowerment. Through extensive engagement in cassava production, we work closely with local farmers to cultivate high-yielding cassava varieties. By providing training, technical support, and access to quality inputs, we aim to enhance the productivity and profitability of cassava farming.</span></big></p>\r\n\r\n<p><big><span style=\"font-size:16px\"><strong>Garri Processing</strong> </span></big></p>\r\n\r\n<p><big><span style=\"font-size:16px\">Garri, a popular staple food in many regions, is a major focus of our activities. With state-of-the-art garri processing facilities, we ensure the production of high-quality garri that meets stringent standards. By employing modern processing techniques, we maximize efficiency while minimizing waste ensuring constant availability and food security. We are deeply committed to sustainable practices across all our operations with the aim of minimizing environmental impact on society.</span></big></p>\r\n\r\n<p><big><span style=\"font-size:16px\"><strong>Bakery of Quality Bread</strong> </span></big></p>\r\n\r\n<p><big><span style=\"font-size:16px\">Recognizing the importance of bakery products in meeting the dietary needs of the population, Bomach Group has established a reputation for producing quality bread. By using superior ingredients and adhering to strict quality control measures, we ensure that our products are not only delicious but also meet the highest standards of nutritional value and food safety. The bakery division of Bomach Group continuously explores new flavours and recipes to cater to the diverse tastes of consumers.</span></big></p>\r\n\r\n<p><big><span style=\"font-size:16px\">Bomach Group understands the importance of community engagement and empowerment. Through collaborations with local farmers, the company fosters mutually beneficial partnerships that create opportunities for growth and prosperity. We actively support initiatives that enhance agricultural education, vocational training, and women empowerment in rural communities, thereby contributing to the overall development of the nation.</span></big></p>\r\n\r\n<p><big><span style=\"font-size:16px\">We have demonstrated a strong commitment to food production and sustainability. By leveraging innovative technologies, fostering partnerships, and prioritizing quality and safety, Bomach Group plays a pivotal role in meeting the nation&#39;s food needs while promoting economic growth and community empowerment.</span></big></p>", "rating": 80, "priority": 50, "date": "2023-06-22T09:13:40Z"}}, {"model": "main.subservice", "pk": 3, "fields": {"name": "Land Survey", "service": 3, "slug": "land-survey", "image": "media/images/TOPOGRAPHIC-LAND-SURVEY_zpoadn", "content": "<p>With a deep-rooted commitment to accuracy, efficiency, and client satisfaction, we have redefined the landscape of land surveying services by harnessing the power of modern technology and combining it with the unparalleled expertise of our seasoned professionals.</p>\r\n\r\n<p>Our use of state-of-the-art surveying equipment sets us apart from the rest. From high-precision GPS devices to advanced laser scanners and unmanned aerial vehicles (UAVs), we leverage the latest technological innovations to capture detailed and accurate data. This allows us to create comprehensive maps, models, and surveys that serve as invaluable resources for a wide range of industries, including construction, engineering, architecture, and urban planning.</p>\r\n\r\n<p>By incorporating cutting-edge tools and software into our surveying processes, we have revolutionized the industry, offering clients a level of precision and speed that was once unimaginable.</p>\r\n\r\n<p>We are truly shaping the future of the industry. Whether it&#39;s leveraging advanced tools or using our extensive knowledge, we are dedicated to providing accurate, efficient, and reliable surveying services that propel our clients towards success.</p>\r\n\r\n<p>When you choose Bomach Group, you&#39;re choosing a partner who understands your vision, values your goals, and delivers exceptional results every step of the way.</p>", "rating": 80, "priority": 100, "date": "2023-06-22T10:37:59Z"}}, {"model": "main.subservice", "pk": 4, "fields": {"name": "BUY OR SELL PROPERTIES", "service": 2, "slug": "buy-or-sell-properties", "image": "media/images/house-key_bczn5r", "content": "<p>Welcome to Bomach, here we specialise in turning your dreams into reality.&nbsp;With a passion for exceptional service and an unwavering commitment to&nbsp;excellence, we are here to guide you through every step of your real estate&nbsp;journey. Whether you&#39;re buying, selling, or investing, our team of dedicated&nbsp;professionals is ready to provide you with the expertise, resources, and&nbsp;personalized support you need to make informed decisions and achieve your&nbsp;goals.</p>\r\n\r\n<p>Here is why we are the preferred choice for sharp-witted clients in the&nbsp;dynamic world of real estate</p>\r\n\r\n<ul>\r\n\t<li><em><strong>Unrivalled Market Knowledge</strong></em></li>\r\n\t<li><em><strong>Extensive Property Portfolio</strong></em></li>\r\n\t<li><em><strong>Tailored Solutions for Clients</strong></em></li>\r\n\t<li><em><strong>Professional and Trusted Advisors</strong></em></li>\r\n\t<li><em><strong>Innovative Technology and Marketing</strong></em></li>\r\n\t<li><em><strong>Seamless Buying and Selling Experience</strong></em></li>\r\n</ul>\r\n\r\n<p>With our unwavering commitment to excellence, personalized service, market&nbsp;expertise, and innovative approach, we are the go-to firm for all your real estate&nbsp;needs. Unlock the door to your dream home today and experience the&nbsp;unparalleled service that sets us apart from the competition. Contact us now and&nbsp;<br />\r\nlet us make your real estate journey a resounding success.</p>\r\n\r\n<p style=\"margin-left:280px\"><strong>WE SELL</strong></p>\r\n\r\n<p>Sell your properties swiftly and effortlessly. With our extensive portfolio of investors and property owners, we are here to help you unlock the true value of your property and connect you with potential buyers who are eager to invest. We understand that selling a property can often be a complex and time-consuming process but with our vast network of investors actively seeking land and property acquisition opportunities, we streamline the entire selling process, ensuring a smooth and hassle-free experience for you.</p>\r\n\r\n<p>We pride ourselves on our swift and efficient connections. Once all the necessary documentation is completed, we promptly connect with our extensive network of investors who are actively seeking property opportunities. By leveraging our trusted relationships, we expedite the process, maximizing your chances of securing a fast and favorable deal.</p>\r\n\r\n<p>Partner with us and rest assured that you are working with a reliable and trustworthy team. We have built a solid reputation for delivering exceptional service and results to our clients. Our commitment to integrity, professionalism, and customer satisfaction has earned us the trust of numerous property owners and investors alike.</p>\r\n\r\n<p>So, if you are ready to unlock the true potential of your&nbsp;property and connect with eager investors, get in touch with Bomach Group today. Let us handle the complexities while you reap the benefits of a swift and profitable sale. Contact us now to start the process, and together, we will help you realize the true value of your property.</p>\r\n\r\n<p style=\"margin-left:280px\"><strong>WE BUY</strong></p>\r\n\r\n<p>Navigating the complexities of property acquisition can be daunting, we are here to make the process of buying the ideal landed property tailored to your specific needs and preferences a seamless and hassle-free experience for you, from scouting potential locations to navigating the complex documentation and legalities involved.</p>\r\n\r\n<p>Once you have identified a property that piques your interest, we facilitate site inspections to give you a firsthand experience of the property&#39;s potential. Upon your approval, we take care of all the necessary documentation and legal processes involved in the property acquisition. Our experienced team ensures that all the title documentation and administrative procedures are handled efficiently, saving you time and effort.</p>\r\n\r\n<p>So, if you are ready to embark on your journey to finding the perfect property, get in touch with us today. Let us handle the complexities while you focus on realizing your dreams.</p>\r\n\r\n<p>Contact us now to start the process, and together, we will guide you to the ideal land that fulfills your aspirations.</p>", "rating": 80, "priority": 0, "date": "2023-06-22T10:42:01Z"}}, {"model": "main.subservice", "pk": 5, "fields": {"name": "ESTATE DEVELOPMENT", "service": 2, "slug": "estate-development", "image": "media/images/ESTATE_PIC_zolras", "content": "<p>When it comes to estate development, experience and expertise are the pillars that set us apart from the rest. With years of unwavering commitment and a strong track record, we have solidified our position as a leading force in the realm of estate development. We have dedicated ourselves to creating extraordinary environments that blend functionality, aesthetics, and sustainability seamlessly. Our team of seasoned professionals brings a wealth of knowledge and expertise to every project we undertake, ensuring exceptional results that surpass your expectations.</p>\r\n\r\n<p>When you choose Bomach Group, you are choosing a partner who is deeply invested in your dreams. We take immense pride in transforming ideas into reality and creating communities that foster growth, prosperity, and happiness, that is the true measure of our success.</p>\r\n\r\n<p>Get in contact with us today and let us turn your vision into an exceptional reality!</p>\r\n\r\n<p><em><strong>Check out some of our luxurious</strong></em>&nbsp;<em><strong>estates with exciting features</strong></em></p>\r\n\r\n<ul>\r\n\t<li><a href=\"https://bomach-8gjq.onrender.com/product/bethel-city-estate\" target=\"Bethelcityestate\">BETHEL CITY ESTATE</a></li>\r\n\t<li><a href=\"https://bomach-8gjq.onrender.com/product/city-of-david\">CITY OF DAVID ESTATE</a></li>\r\n\t<li>CORNER STONE ESTATE</li>\r\n\t<li>CAANAN ESTATE</li>\r\n\t<li>Olive city</li>\r\n</ul>", "rating": 80, "priority": 3, "date": "2023-06-22T10:46:39Z"}}, {"model": "main.subservice", "pk": 6, "fields": {"name": "Land Documentation", "service": 3, "slug": "land-documentation", "image": "media/images/Legal-documents-2_p2hg16", "content": "<p>Land documentation refers to the process of obtaining and possessing all the necessary legal documents and titles that establish ownership and rights to a particular property. These documents serve as evidence of ownership and are crucial for protecting one&#39;s investment in real estate.</p>\r\n\r\n<p>Having all the necessary land documents for a property is of utmost importance for several reasons. Firstly, it establishes legal proof of ownership, providing security and ensuring that the property cannot be claimed by others. It helps to avoid disputes and conflicts over ownership, which can be costly and time-consuming to resolve. It also&nbsp;provides a clear record of the property&#39;s history, including any previous transactions, encumbrances, or liens. This information is essential for conducting due diligence before purchasing a property, as it helps to identify any potential issues or risks associated with the property.</p>\r\n\r\n<p>The Nigerian land laws and systems can be complex and navigating through the process of obtaining all the necessary property titles and documents can be daunting. However, Bomach Group understands the intricacies of the Nigerian land laws and systems. We are committed to assisting our clients in obtaining and securing all the required land documents swiftly and efficiently.</p>\r\n\r\n<p>As a trusted partner, Bomach Group ensures that our clients receive comprehensive support in acquiring the necessary property titles, such as the Certificate of Occupancy (C of O), Deed of Assignment, and other relevant documents. We strive to provide a seamless experience, guiding our clients through the legal procedures and ensuring compliance with all applicable regulations.</p>\r\n\r\n<p>With Bomach Group, our clients can have peace of mind, knowing that their land documentation needs are being handled by professionals who are well-versed in the Nigerian land laws and systems. We prioritize our clients&#39; satisfaction and aim to deliver exceptional service in securing their property titles and documents.</p>", "rating": 80, "priority": 99, "date": "2023-06-22T10:48:09Z"}}, {"model": "main.subservice", "pk": 7, "fields": {"name": "INTERIOR DESIGN", "service": 4, "slug": "interior-design", "image": "media/images/interior_lmnefn", "content": "<p><span style=\"font-size:11pt\"><span style=\"font-family:Calibri,sans-serif\"><span style=\"font-size:14.0pt\"><span style=\"background-color:#f7f7f8\"><span style=\"font-family:&quot;Segoe UI&quot;,sans-serif\"><span style=\"color:#374151\">Discover the Artistry of Interior Design with Bomach Group</span></span></span></span></span></span></p>\r\n\r\n<p><span style=\"font-size:11pt\"><span style=\"font-family:Calibri,sans-serif\"><span style=\"font-size:14.0pt\"><span style=\"background-color:#f7f7f8\"><span style=\"font-family:&quot;Segoe UI&quot;,sans-serif\"><span style=\"color:#374151\">In our world of interior design, creativity meets functionality, and spaces are transformed into breathtaking works of art. At Bomach Group, we take pride in our expertise in interior decoration, offering a seamless blend of style, innovation, and functionality. With our passionate team of design professionals, we have the vision and skills to turn any space into a captivating masterpiece. </span></span></span></span></span></span></p>\r\n\r\n<p><span style=\"font-size:11pt\"><span style=\"font-family:Calibri,sans-serif\"><span style=\"font-size:14.0pt\"><span style=\"background-color:#f7f7f8\"><span style=\"font-family:&quot;Segoe UI&quot;,sans-serif\"><span style=\"color:#374151\">At Bomach Group, we understand the importance of creating spaces that reflect individuality and resonate with personal taste. Our team of talented interior designers possesses an innate ability to bring life to any room, blending colors, textures, lighting, and furniture to create harmonious and captivating interiors. Whether it&#39;s a residential space, commercial establishment, or hospitality project, we have the expertise to deliver stunning results that exceed expectations.</span></span></span></span></span></span></p>\r\n\r\n<p><span style=\"font-size:11pt\"><span style=\"font-family:Calibri,sans-serif\"><span style=\"font-size:14.0pt\"><span style=\"background-color:#f7f7f8\"><span style=\"font-family:&quot;Segoe UI&quot;,sans-serif\"><span style=\"color:#374151\">Creativity knows no bounds, and at Bomach Group, we thrive on exploring diverse design disciplines. Our multidisciplinary team includes experts in interior design, architecture, lighting design, and spatial planning. This diverse skill set enables us to approach each project holistically, integrating design elements seamlessly to create cohesive and harmonious interiors. Our attention to detail, mastery of spatial arrangement, and expertise in color psychology ensure that every space we design evokes the desired atmosphere and leaves a lasting impression.</span></span></span></span></span></span></p>\r\n\r\n<p><span style=\"font-size:11pt\"><span style=\"font-family:Calibri,sans-serif\"><span style=\"font-size:14.0pt\"><span style=\"background-color:#f7f7f8\"><span style=\"font-family:&quot;Segoe UI&quot;,sans-serif\"><span style=\"color:#374151\">We understand that the choice of materials and finishes is integral to achieving exceptional interior design. We stay updated with the latest trends and innovations in the industry, sourcing high-quality materials that combine aesthetics with durability. Whether it&#39;s luxurious hardwood floors, eco-friendly wall coverings, or innovative lighting solutions, we curate a selection of materials and finishes that align with the design vision and elevate the overall aesthetic appeal of the space.</span></span></span></span></span></span></p>\r\n\r\n<p><span style=\"font-size:11pt\"><span style=\"font-family:Calibri,sans-serif\"><span style=\"font-size:14.0pt\"><span style=\"background-color:#f7f7f8\"><span style=\"font-family:&quot;Segoe UI&quot;,sans-serif\"><span style=\"color:#374151\">Transform your spaces with the artistry of interior design&mdash;choose Bomach Group and experience the magic of tailored, inspiring environments</span></span></span></span><span style=\"background-color:#f7f7f8\"><span style=\"font-family:&quot;Segoe UI&quot;,sans-serif\"><span style=\"color:#374151\">.</span></span></span></span></span></p>", "rating": 80, "priority": 0, "date": "2023-06-22T10:50:30Z"}}, {"model": "main.subservice", "pk": 8, "fields": {"name": "STRUCTURAL DETAILING", "service": 4, "slug": "structural-detailing", "image": "media/images/structural_xnsflc", "content": "<p>Structural detailing is a crucial aspect of any construction project, ensuring that every component is accurately represented, fabricated, and assembled. Recognizing the significance of this intricate process, we emerge as a pioneer, offering unmatched expertise in structural detailing.</p>\r\n\r\n<p style=\"margin-left:240px\"><strong>Precision in Every Line</strong></p>\r\n\r\n<p>Structural detailing is a meticulous art that requires a keen eye for precision. We possess an in-depth understanding of engineering principles and construction codes, enabling us to create detailed drawings that leave no room for error. From foundations to beams, columns to connections, every element is meticulously captured, ensuring that the fabricators and contractors have accurate information to bring the design to life. Our commitment to precision lays the foundation for flawless execution, enhancing project efficiency and minimizing costly errors.</p>\r\n\r\n<p style=\"margin-left:240px\"><strong>Intertwining Art and Science</strong></p>\r\n\r\n<p>Structural detailing is not just about technical accuracy; it is also an artistic endeavor that brings the design vision to reality. Our detailers possess a unique blend of technical expertise and artistic sensibility. They transform the abstract concepts of architects and engineers into tangible representations, breathing life into their vision. With an acute understanding of aesthetics and functionality, we strike the perfect balance between form and function, ensuring that every detail serves a purpose while adding to the visual appeal of the structure.</p>\r\n\r\n<p style=\"margin-left:200px\"><strong>Advanced Tools for Unparalleled Precision</strong></p>\r\n\r\n<p>We are at the forefront of technology, leveraging state-of-the-art software and tools to achieve unparalleled precision in structural detailing. By utilizing advanced computer-aided design (CAD) software, we&nbsp;create three-dimensional models that enable accurate visualization of the structure from every angle. These models serve as the foundation for generating comprehensive shop drawings, bills of materials, and fabrication details. With the power of technology at our fingertips, we streamline the process, optimize efficiency, and deliver detailed documentation that meets the highest industry standards.</p>\r\n\r\n<p style=\"margin-left:200px\"><strong>Collaboration for Seamless Integration</strong></p>\r\n\r\n<p>Successful structural detailing goes beyond individual expertise; it requires seamless collaboration and coordination with the entire project team. Bomach Group understands the importance of effective communication and coordination between architects, engineers, fabricators, and contractors. Our team actively engage in interdisciplinary collaboration, ensuring that the design intent is preserved, and all stakeholders are on the same page. By fostering a culture of collaboration, our detailers contribute to streamlined workflows, reduced conflicts, and ultimately, successful project outcomes.</p>\r\n\r\n<p style=\"margin-left:240px\"><strong>Elevating Project Efficiency</strong></p>\r\n\r\n<p>Efficient structural detailing holds the key to timely project completion and cost optimization. we go beyond simply creating drawings; we proactively seek opportunities for optimization and value engineering. By carefully analyzing the design intent, we identify areas where materials can be optimized, fabrication processes can be streamlined, and construction can be expedited. This dedication to efficiency not only saves time and money but also enhances the overall project sustainability and long-term durability.</p>\r\n\r\n<p>Our expertise in structural detailing sets us apart as an industry leader in delivering precision and perfection. With a team of detailers who blend technical prowess with artistic finesse, the company ensures that every element of a structure is accurately represented and fabricated. By leveraging advanced tools and fostering collaborative partnerships, we elevate project efficiency and minimize errors.</p>\r\n\r\n<p>Whether it&#39;s a small-scale building or a complex infrastructure project, experience the transformative power of meticulous structural detailing with Bomach Group, where precision meets artistry for outstanding results.</p>\r\n\r\n<p>&nbsp;</p>", "rating": 80, "priority": 99, "date": "2023-06-22T10:52:05Z"}}, {"model": "main.subservice", "pk": 9, "fields": {"name": "ANALYSIS AND DESIGN", "service": 4, "slug": "analysis-and-design", "image": "media/images/analysis_gwneyb", "content": "<p><strong>Revolutionizing Analysis and Design </strong></p>\r\n\r\n<p>In the fast-paced world of civil engineering, the key to success lies in meticulous analysis and design. From envisioning grand infrastructures to ensuring structural integrity, these services form the foundation for every construction endeavor.</p>\r\n\r\n<p>In this realm, one name stands out as a symbol of excellence and expertise - the Bomach Group of Company. With a team of seasoned professionals, we offer unparalleled analysis and design services, making us remarkably stand out for all civil engineering needs.</p>\r\n\r\n<p style=\"margin-left:200px\"><strong>Unleashing the Power of Analysis</strong></p>\r\n\r\n<p>&nbsp;At Bomach Group, analysis is not just a mere process; it is a blend of art and science. Our skilled professionals possess an inherent ability to evaluate complex scenarios, using cutting-edge tools and techniques to deliver accurate and reliable results. From conducting thorough geotechnical assessments to performing hydraulic analyses, Bomach Group ensures that every aspect of a project is thoroughly scrutinized before proceeding to the design phase.</p>\r\n\r\n<p style=\"margin-left:240px\"><strong>Designing Brilliance</strong></p>\r\n\r\n<p>Designing structures that are not only functional but also aesthetically pleasing requires a unique set of skills and expertise. We take pride in our design team, which comprises architects, engineers, and specialists who collaborate to transform concepts into reality. Whether it&#39;s a towering skyscraper, a sprawling bridge, or an intricate transportation network, our professionals harness their creative prowess to deliver innovative designs that stand the test of time.</p>\r\n\r\n<p style=\"margin-left:200px\"><strong>Unmatched Experience and Expertise</strong></p>\r\n\r\n<p>With years of experience under our belt, Bomach Group has successfully executed a diverse range of projects across different sectors. Our professionals possess a deep understanding of local regulations and industry standards, ensuring that each design is compliant and optimized for long-term performance. From residential and commercial structures to industrial and complex municipal edifices that stand the test of time.</p>\r\n\r\n<p style=\"margin-left:240px\"><strong>Client-Centric Philosophy</strong></p>\r\n\r\n<p>Our client is at the heart of everything we do. Our unwavering dedication to understanding and fulfilling client needs sets us apart as a truly customer-centric brand. We foster open lines of communication, actively engaging clients throughout the analysis and design process. Our professionals value feedback, collaborating closely to ensure that each project aligns with the client&#39;s vision and surpasses their expectations.</p>\r\n\r\n<p>When it comes to civil engineering analysis and design, Bomach Group stands as an experience-driven brand, dedicated to delivering excellence in every project we undertake. With a team of skilled professionals, a proven track record, and a commitment to innovation, Bomach Group has established itself as a force to be reckoned with in the industry. Experience our expertise firsthand and witness the transformative power of meticulous analysis and inspired design with Bomach Group, the trusted name in civil engineering services.</p>\r\n\r\n<p>&nbsp;</p>\r\n\r\n<p>&nbsp;</p>", "rating": 80, "priority": 100, "date": "2023-06-22T10:56:23Z"}}, {"model": "main.subservice", "pk": 10, "fields": {"name": "CASSAVA PRODUCTION AND PROCESSING", "service": 7, "slug": "cassava-production-and-processing", "image": "media/images/IMG-20230624-WA0002_kaqvxn", "content": "<p><big><span style=\"font-size:16px\">Bomach Group is a dynamic and innovative company deeply committed to agriculture and food production with a strong focus on cassava production, garri processing, and quality bread bakery.</span></big></p>\r\n\r\n<p><big><span style=\"font-size:16px\">By leveraging advanced technologies and sustainable practices, we strive to meet the growing demand for nutritious food products while contributing to the economic development of the nation.</span></big></p>\r\n\r\n<p><big><span style=\"font-size:16px\"><strong>Cassava Production</strong> </span></big></p>\r\n\r\n<p><big><span style=\"font-size:16px\">We recognize the significance of cassava as a versatile and resilient crop that plays a vital role in food security and economic empowerment. Through extensive engagement in cassava production, we work closely with local farmers to cultivate high-yielding cassava varieties. By providing training, technical support, and access to quality inputs, we aim to enhance the productivity and profitability of cassava farming.</span></big></p>\r\n\r\n<p><big><span style=\"font-size:16px\"><strong>Garri Processing</strong> </span></big></p>\r\n\r\n<p><big><span style=\"font-size:16px\">Garri, a popular staple food in many regions, is a major focus of our activities. With state-of-the-art garri processing facilities, we ensure the production of high-quality garri that meets stringent standards. By employing modern processing techniques, we maximize efficiency while minimizing waste ensuring constant availability and food security. We are deeply committed to sustainable practices across all our operations with the aim of minimizing environmental impact on society.</span></big></p>\r\n\r\n<p><big><span style=\"font-size:16px\">Bomach Group understands the importance of community engagement and empowerment. Through collaborations with local farmers, the company fosters mutually beneficial partnerships that create opportunities for growth and prosperity. We actively support initiatives that enhance agricultural education, vocational training, and women empowerment in rural communities, thereby contributing to the overall development of the nation.</span></big></p>\r\n\r\n<p><big><span style=\"font-size:16px\">We have demonstrated a strong commitment to food production and sustainability. By leveraging innovative technologies, fostering partnerships, and prioritizing quality and safety, Bomach Group plays a pivotal role in meeting the nation&#39;s food needs while promoting economic growth and community empowerment.</span></big></p>", "rating": 80, "priority": 100, "date": "2023-06-22T11:01:02Z"}}, {"model": "main.subservice", "pk": 11, "fields": {"name": "OUR BAKERY", "service": 7, "slug": "our-bakery", "image": "media/images/bakery_lcm9sy", "content": "<p><span style=\"font-size:16px\"><big>Recognizing the importance of bakery products in meeting the dietary needs of the population, Bomach Group has established a reputation for producing quality bread. By using superior ingredients and adhering to strict quality control measures, we ensure that our products are not only delicious but also meet the highest standards of nutritional value and food safety. </big></span></p>\r\n\r\n<p><span style=\"font-size:16px\"><big>The bakery division of Bomach Group continuously explores new flavours and recipes to cater to the diverse tastes of consumers.</big></span></p>", "rating": 80, "priority": 0, "date": "2023-06-22T11:42:46Z"}}, {"model": "main.subservice", "pk": 14, "fields": {"name": "BUILDING AND CONSTRUCTION", "service": 4, "slug": "building-and-construction", "image": "media/images/construction_2_cpnfld", "content": "<p><span style=\"font-size:11pt\"><span style=\"font-family:Calibri,sans-serif\"><span style=\"font-size:14.0pt\"><span style=\"background-color:#f7f7f8\"><span style=\"font-family:&quot;Segoe UI&quot;,sans-serif\"><span style=\"color:#374151\">Excellence in civil engineering and construction services is not just a promise but a testament to our decades of experience and unwavering commitment to delivering exceptional results. With a team of industry professionals and a vast portfolio of successfully completed projects, we stand tall as the epitome of excellence in the construction industry.</span></span></span></span></span></span></p>\r\n\r\n<p style=\"text-align:center\"><span style=\"font-size:11pt\"><span style=\"font-family:Calibri,sans-serif\"><strong><span style=\"font-size:14.0pt\"><span style=\"background-color:#f7f7f8\"><span style=\"font-family:&quot;Segoe UI&quot;,sans-serif\"><span style=\"color:#374151\">Building Dreams and Crafting Legacies</span></span></span></span></strong></span></span></p>\r\n\r\n<p><span style=\"font-size:11pt\"><span style=\"font-family:Calibri,sans-serif\"><span style=\"font-size:14.0pt\"><span style=\"background-color:#f7f7f8\"><span style=\"font-family:&quot;Segoe UI&quot;,sans-serif\"><span style=\"color:#374151\">At Bomach Group, we understand that constructing a building goes beyond mere bricks and mortar&mdash;it&#39;s about shaping dreams, creating legacies, and transforming visions into reality. With our unmatched expertise, attention to detail, and a passion for innovation, we have consistently exceeded expectations in every project we undertake.</span></span></span></span> </span></span></p>\r\n\r\n<p style=\"text-align:center\"><span style=\"font-size:11pt\"><span style=\"font-family:Calibri,sans-serif\"><strong><span style=\"font-size:14.0pt\"><span style=\"background-color:#f7f7f8\"><span style=\"font-family:&quot;Segoe UI&quot;,sans-serif\"><span style=\"color:#374151\">Decades of Experience</span></span></span></span></strong></span></span></p>\r\n\r\n<p><span style=\"font-size:11pt\"><span style=\"font-family:Calibri,sans-serif\"><span style=\"font-size:14.0pt\"><span style=\"background-color:#f7f7f8\"><span style=\"font-family:&quot;Segoe UI&quot;,sans-serif\"><span style=\"color:#374151\">With an illustrious history spanning several years, Bomach Group has been a pioneering force in the civil engineering and construction sector. Our longevity is a testament to our unrivaled knowledge, adaptability, and ability to consistently deliver outstanding results. Throughout the years, we have honed our skills and accumulated a wealth of experience that enables us to tackle complex engineering and construction challenges with confidence and precision.</span></span></span></span></span></span></p>\r\n\r\n<p style=\"text-align:center\"><span style=\"font-size:11pt\"><span style=\"font-family:Calibri,sans-serif\"><strong><span style=\"font-size:14.0pt\"><span style=\"background-color:#f7f7f8\"><span style=\"font-family:&quot;Segoe UI&quot;,sans-serif\"><span style=\"color:#374151\">A Stellar Team of Industry Professionals</span></span></span></span></strong></span></span></p>\r\n\r\n<p><span style=\"font-size:11pt\"><span style=\"font-family:Calibri,sans-serif\"><span style=\"font-size:14.0pt\"><span style=\"background-color:#f7f7f8\"><span style=\"font-family:&quot;Segoe UI&quot;,sans-serif\"><span style=\"color:#374151\">&nbsp;At the heart of our success lies our exceptional team of industry professionals. From engineers to architects, project managers to construction experts, we have carefully curated a team of individuals who are passionate, highly skilled, and driven to excel in their respective fields. Together, we form a dynamic force that ensures each project we undertake is executed flawlessly, surpassing industry standards and client expectations.</span></span></span></span></span></span></p>\r\n\r\n<p><span style=\"font-size:11pt\"><span style=\"font-family:Calibri,sans-serif\"><span style=\"font-size:14.0pt\"><span style=\"background-color:#f7f7f8\"><span style=\"font-family:&quot;Segoe UI&quot;,sans-serif\"><span style=\"color:#374151\">At Bomach Group of Company, our expertise extends far beyond conventional building and construction services. We have proudly undertaken an extensive array of projects, ranging from hydraulic constructions to complex municipal structures. Our ability to handle diverse challenges and deliver exceptional results in these specialized areas sets us apart as an industry leader. Discover how our proficiency in these domains has earned us a reputation for excellence.</span></span></span></span></span></span></p>\r\n\r\n<p style=\"text-align:center\"><span style=\"font-size:11pt\"><span style=\"font-family:Calibri,sans-serif\"><strong><span style=\"font-size:14.0pt\"><span style=\"background-color:#f7f7f8\"><span style=\"font-family:&quot;Segoe UI&quot;,sans-serif\"><span style=\"color:#374151\">Hydraulic Constructions</span></span></span></span></strong></span></span></p>\r\n\r\n<p><span style=\"font-size:11pt\"><span style=\"font-family:Calibri,sans-serif\"><span style=\"font-size:14.0pt\"><span style=\"background-color:#f7f7f8\"><span style=\"font-family:&quot;Segoe UI&quot;,sans-serif\"><span style=\"color:#374151\">When it comes to hydraulic constructions, we have an unparalleled track record. We have successfully executed projects involving dams, canals, irrigation systems, water treatment plants, and coastal protection works. Our team of hydraulic engineering experts possess the knowledge, technical skills, and innovative mindset required to navigate the complexities of water management projects. Whether it&#39;s optimizing water resources, mitigating flood risks, or designing sustainable water infrastructure, we excel in every aspect of hydraulic constructions.</span></span></span></span></span></span></p>\r\n\r\n<p style=\"text-align:center\"><span style=\"font-size:11pt\"><span style=\"font-family:Calibri,sans-serif\"><strong><span style=\"font-size:14.0pt\"><span style=\"background-color:#f7f7f8\"><span style=\"font-family:&quot;Segoe UI&quot;,sans-serif\"><span style=\"color:#374151\">Complex Municipal Structures</span></span></span></span></strong></span></span></p>\r\n\r\n<p><span style=\"font-size:11pt\"><span style=\"font-family:Calibri,sans-serif\"><span style=\"font-size:14.0pt\"><span style=\"background-color:#f7f7f8\"><span style=\"font-family:&quot;Segoe UI&quot;,sans-serif\"><span style=\"color:#374151\">Building complex municipal structures necessitates a unique blend of architectural brilliance, engineering ingenuity, and meticulous project management. We have demonstrated our prowess in this realm through numerous successful projects. Our portfolio includes the construction of government buildings, civic centers, educational institutions, healthcare facilities, transportation hubs, and more. We understand the multifaceted requirements of municipal projects, such as adhering to regulations, ensuring accessibility, and integrating sustainable design principles. With our proven expertise, we consistently deliver aesthetically appealing, functional, and resilient structures that meet the evolving needs of communities.</span></span></span></span></span></span></p>\r\n\r\n<p style=\"text-align:center\">&nbsp;</p>\r\n\r\n<p style=\"text-align:center\"><span style=\"font-size:11pt\"><span style=\"font-family:Calibri,sans-serif\"><strong><span style=\"font-size:14.0pt\"><span style=\"background-color:#f7f7f8\"><span style=\"font-family:&quot;Segoe UI&quot;,sans-serif\"><span style=\"color:#374151\">A Diverse Portfolio of Accomplishments</span></span></span></span></strong></span></span></p>\r\n\r\n<p><span style=\"font-size:11pt\"><span style=\"font-family:Calibri,sans-serif\"><span style=\"font-size:14.0pt\"><span style=\"background-color:#f7f7f8\"><span style=\"font-family:&quot;Segoe UI&quot;,sans-serif\"><span style=\"color:#374151\">With an extensive portfolio of successfully executed projects, we have left an indelible print on the landscape of civil engineering and construction. From iconic skyscrapers and commercial complexes to intricate infrastructure projects and residential developments, our diverse range of accomplishments speaks volumes about our expertise and ability to handle projects of varying scale and complexity.</span></span></span></span></span></span></p>\r\n\r\n<p style=\"text-align:center\"><span style=\"font-size:11pt\"><span style=\"font-family:Calibri,sans-serif\"><strong><span style=\"font-size:14.0pt\"><span style=\"background-color:#f7f7f8\"><span style=\"font-family:&quot;Segoe UI&quot;,sans-serif\"><span style=\"color:#374151\">Innovation and Technology</span></span></span></span></strong></span></span></p>\r\n\r\n<p><span style=\"font-size:11pt\"><span style=\"font-family:Calibri,sans-serif\"><span style=\"font-size:14.0pt\"><span style=\"background-color:#f7f7f8\"><span style=\"font-family:&quot;Segoe UI&quot;,sans-serif\"><span style=\"color:#374151\">We firmly believe in staying at the forefront of innovation and technology. Bomach Group of Company embraces cutting-edge advancements in engineering and construction practices to deliver superior results. Our team continually researches and implements new methodologies, materials, and tools to enhance efficiency, sustainability, and cost-effectiveness. By leveraging state-of-the-art technology and industry best practices, we elevate the quality of our engineering and construction works setting new benchmarks within the industry.</span></span></span></span></span></span></p>\r\n\r\n<p><span style=\"font-size:11pt\"><span style=\"font-family:Calibri,sans-serif\"><span style=\"font-size:14.0pt\"><span style=\"background-color:#f7f7f8\"><span style=\"font-family:&quot;Segoe UI&quot;,sans-serif\"><span style=\"color:#374151\">With a rich history of successful projects in these specialized areas, we have proven our ability to handle diverse engineering challenges and deliver exceptional results. Our collaborative approach, commitment to innovation, and unwavering dedication to client satisfaction have earned us the reputation of being a reliable and accomplished partner. We have become synonymous with excellence. Join us as we continue to shape dreams, build legacies, and redefine the boundaries of possibility in the construction industry. Experience the Bomach difference today and witness firsthand why we are the best in the business.</span></span></span></span></span></span></p>", "rating": 80, "priority": 98, "date": "2023-06-24T11:01:45Z"}}, {"model": "main.subservice", "pk": 15, "fields": {"name": "RENOVATION", "service": 4, "slug": "renovation", "image": "media/images/renovation_orxmgq", "content": "<p><span style=\"font-size:11pt\"><span style=\"font-family:Calibri,sans-serif\"><span style=\"font-size:14.0pt\"><span style=\"font-family:&quot;Segoe UI&quot;,sans-serif\">Renovations are a transformative journey, breathing new life into existing spaces and unlocking their true potential. Join us as we take you on a captivating journey through our expertise in renovation works and showcase why Bomach Group is the unrivaled choice for your next renovation project.</span></span></span></span></p>\r\n\r\n<p style=\"text-align:center\"><span style=\"font-size:11pt\"><span style=\"font-family:Calibri,sans-serif\"><strong><span style=\"font-size:14.0pt\"><span style=\"font-family:&quot;Segoe UI&quot;,sans-serif\">Experience that Matters</span></span></strong></span></span></p>\r\n\r\n<p><span style=\"font-size:11pt\"><span style=\"font-family:Calibri,sans-serif\"><span style=\"font-size:14.0pt\"><span style=\"font-family:&quot;Segoe UI&quot;,sans-serif\">&nbsp;When it comes to renovations, experience matters. With a wealth of industry knowledge accumulated over the years, Bomach Group stands tall as a leader in the field. We have successfully undertaken a diverse range of renovation projects, including residential homes, commercial spaces, heritage buildings, and more. Our extensive experience equips us with the insights, expertise, and problem-solving abilities necessary to navigate the complexities of any renovation, ensuring seamless execution and exceptional results.</span></span></span></span></p>\r\n\r\n<p style=\"text-align:center\"><span style=\"font-size:11pt\"><span style=\"font-family:Calibri,sans-serif\"><strong><span style=\"font-size:14.0pt\"><span style=\"font-family:&quot;Segoe UI&quot;,sans-serif\">Attention to Detail, Transformed Spaces</span></span></strong></span></span></p>\r\n\r\n<p><span style=\"font-size:11pt\"><span style=\"font-family:Calibri,sans-serif\"><span style=\"font-size:14.0pt\"><span style=\"font-family:&quot;Segoe UI&quot;,sans-serif\">Renovation is an art that requires an unwavering commitment to detail. At Bomach Group, we understand that every nook, cranny, and design element contribute to the overall success of a renovation project. Our team of skilled professionals possesses a meticulous eye for detail, carefully considering every aspect of the space to create harmonious aesthetics and functional layouts. From choosing the perfect color palette to selecting high-quality materials and finishes, we leave no stone unturned in our pursuit of perfection.</span></span></span></span></p>\r\n\r\n<p style=\"text-align:center\"><span style=\"font-size:11pt\"><span style=\"font-family:Calibri,sans-serif\"><strong><span style=\"font-size:14.0pt\"><span style=\"font-family:&quot;Segoe UI&quot;,sans-serif\">Preserving Heritage, Embracing Modernity</span></span></strong></span></span></p>\r\n\r\n<p><span style=\"font-size:11pt\"><span style=\"font-family:Calibri,sans-serif\"><span style=\"font-size:14.0pt\"><span style=\"background-color:#f7f7f8\"><span style=\"font-family:&quot;Segoe UI&quot;,sans-serif\"><span style=\"color:#374151\">At Bomach Group, we understand the delicate balance between preserving the rich heritage of a structure and incorporating contemporary design elements. Our team of experienced professionals possesses a keen eye for detail and a deep understanding of architectural aesthetics. Whether it&#39;s a historic building, a beloved family home, or a commercial space, we delicately blend the old with the new, seamlessly marrying tradition and innovation to create breathtaking results.</span></span></span></span></span></span></p>\r\n\r\n<p style=\"text-align:center\"><span style=\"font-size:11pt\"><span style=\"font-family:Calibri,sans-serif\"><strong><span style=\"font-size:14.0pt\"><span style=\"background-color:#f7f7f8\"><span style=\"font-family:&quot;Segoe UI&quot;,sans-serif\"><span style=\"color:#374151\">Tailored Solutions for Every Project</span></span></span></span></strong></span></span></p>\r\n\r\n<p><span style=\"font-size:11pt\"><span style=\"font-family:Calibri,sans-serif\"><span style=\"font-size:14.0pt\"><span style=\"background-color:#f7f7f8\"><span style=\"font-family:&quot;Segoe UI&quot;,sans-serif\"><span style=\"color:#374151\">&nbsp;We believe that no two renovation projects are the same. Each space has its unique story, requirements, and potential. We approach every renovation project with meticulous attention to detail and a client-centric mindset. We collaborate closely with our clients, understanding their vision, preferences, and budget. Our team combines creativity with technical expertise to devise tailored solutions that breathe fresh life into spaces while maintaining functionality, durability, and aesthetic appeal.</span></span></span></span></span></span></p>\r\n\r\n<p style=\"text-align:center\"><span style=\"font-size:11pt\"><span style=\"font-family:Calibri,sans-serif\"><strong><span style=\"font-size:14.0pt\"><span style=\"background-color:#f7f7f8\"><span style=\"font-family:&quot;Segoe UI&quot;,sans-serif\"><span style=\"color:#374151\">Seamless Project Execution</span></span></span></span></strong></span></span></p>\r\n\r\n<p><span style=\"font-size:11pt\"><span style=\"font-family:Calibri,sans-serif\"><span style=\"font-size:14.0pt\"><span style=\"background-color:#f7f7f8\"><span style=\"font-family:&quot;Segoe UI&quot;,sans-serif\"><span style=\"color:#374151\">Renovation projects can be complex and challenging, requiring meticulous planning, efficient project management, and skilled craftsmanship. We take pride in our seamless project execution, ensuring that each renovation endeavor is a stress-free experience for our clients. Our team of experts handles all aspects of the project, from acquiring necessary permits to coordinating tradespeople and overseeing the construction process. With a keen eye for detail and a commitment to quality, we ensure that every element of the renovation is executed to perfection.</span></span></span></span></span></span></p>\r\n\r\n<p><span style=\"font-size:11pt\"><span style=\"font-family:Calibri,sans-serif\"><span style=\"font-size:14.0pt\"><span style=\"background-color:#f7f7f8\"><span style=\"font-family:&quot;Segoe UI&quot;,sans-serif\"><span style=\"color:#374151\">When it comes to renovating spaces, Bomach Group is the name you can trust. From preserving heritage structures to revitalizing modern spaces, our team of professionals is well-equipped to handle diverse renovation projects with precision and flair. Experience the expertise of Bomach Group and witness the transformation of your space into a stunning masterpiece that reflects your vision and exceeds your expectations.</span></span></span></span></span></span></p>", "rating": 80, "priority": 0, "date": "2023-06-24T13:48:49Z"}}, {"model": "main.productimage", "pk": 1, "fields": {"name": "N/A", "priority": 0, "image": "media/images/Bomach_Logistics_Web_images_486_by_503_pixels_zkgvoc", "date": "2023-06-25T14:08:04Z"}}, {"model": "main.productimage", "pk": 2, "fields": {"name": "N/A", "priority": 0, "image": "media/images/Bomach-IT_skfnt2", "date": "2023-06-25T14:08:43Z"}}, {"model": "main.productimage", "pk": 3, "fields": {"name": "Img1", "priority": 100, "image": "media/images/IMG-20230623-WA0006_hbl3rg", "date": "2023-06-26T15:04:12Z"}}, {"model": "main.productimage", "pk": 4, "fields": {"name": "Img2", "priority": 99, "image": "media/images/IMG-20230623-WA0005_vxg68y", "date": "2023-06-26T15:07:02Z"}}, {"model": "main.productimage", "pk": 5, "fields": {"name": "B02img1", "priority": 0, "image": "media/images/IMG-20230623-WA0007_o130kb", "date": "2023-06-26T16:05:39Z"}}, {"model": "main.productimage", "pk": 6, "fields": {"name": "B02img2", "priority": 0, "image": "media/images/IMG-20230623-WA0008_zzy3yg", "date": "2023-06-26T16:06:55Z"}}, {"model": "main.product", "pk": "4", "fields": {"name": "CORNER STONE ESTATE", "slug": "corner-stone-estate", "content": "<p><img alt=\"\" src=\"https://res.cloudinary.com/dlwilbknx/image/upload/v1/media/uploads/2023/06/23/img-20230623-wa0008_wcgfah\" style=\"height:169px; width:300px\" />CORNER STONE ESTATE&nbsp;</p>", "service": 2, "video": "", "priority": 98, "date": "2023-06-23T15:35:21Z", "product_images": []}}, {"model": "main.product", "pk": "B01", "fields": {"name": "BETHEL CITY ESTATE", "slug": "bethel-city-estate", "content": "<p><span style=\"font-size:18.6667px\"><span style=\"color:#727374\"><span style=\"font-family:Arial,sans-serif\"><span style=\"background-color:#ffffff\">Bethel City Estate is the latest masterpiece by Bomach Group of Company. Nestled in the serene surroundings of Enugu, this prestigious estate offers an unbeatable combination of affordability, modern facilities, and a friendly environment, making it the ideal choice for astute investors looking for a prime investment opportunity that offers both affordability and rapid appreciation</span></span></span></span></p>\r\n\r\n<div><span style=\"font-size:18.6667px\"><span style=\"color:#727374\"><span style=\"font-family:Arial,sans-serif\"><span style=\"background-color:#ffffff\">LOCATION</span></span></span></span></div>\r\n\r\n<div><span style=\"font-size:18.6667px\"><span style=\"color:#727374\"><span style=\"font-family:Arial,sans-serif\"><span style=\"background-color:#ffffff\">Centenary City by Golf course</span></span></span></span></div>\r\n\r\n<div>&nbsp;</div>\r\n\r\n<div><span style=\"font-size:18.6667px\"><span style=\"color:#727374\"><span style=\"font-family:Arial,sans-serif\"><span style=\"background-color:#ffffff\">NEIGHBORHOOD</span></span></span></span></div>\r\n\r\n<div><span style=\"font-size:18.6667px\"><span style=\"color:#727374\"><span style=\"font-family:Arial,sans-serif\"><span style=\"background-color:#ffffff\">I-connect Estate centenary,&nbsp;</span></span></span></span><span style=\"font-size:18.6667px\"><span style=\"color:#727374\"><span style=\"font-family:Arial,sans-serif\"><span style=\"background-color:#ffffff\">Capernaum Estate,&nbsp;</span></span></span></span><span style=\"font-size:18.6667px\"><span style=\"color:#727374\"><span style=\"font-family:Arial,sans-serif\"><span style=\"background-color:#ffffff\">Dignified Garden City Estate,&nbsp;</span></span></span></span><span style=\"font-size:18.6667px\"><span style=\"color:#727374\"><span style=\"font-family:Arial,sans-serif\"><span style=\"background-color:#ffffff\">Orange City Estate,&nbsp;</span></span></span></span><span style=\"font-size:18.6667px\"><span style=\"color:#727374\"><span style=\"font-family:Arial,sans-serif\"><span style=\"background-color:#ffffff\">Flourish City Villa by Pwan Homes.</span></span></span></span></div>\r\n\r\n<div>&nbsp;</div>\r\n\r\n<div><span style=\"font-size:18.6667px\"><span style=\"color:#727374\"><span style=\"font-family:Arial,sans-serif\"><span style=\"background-color:#ffffff\">KEY FEATURES</span></span></span></span></div>\r\n\r\n<div><span style=\"font-size:18.6667px\"><span style=\"color:#727374\"><span style=\"font-family:Arial,sans-serif\"><span style=\"background-color:#ffffff\">Secured and serene environment</span></span></span></span></div>\r\n\r\n<div><span style=\"font-size:18.6667px\"><span style=\"color:#727374\"><span style=\"font-family:Arial,sans-serif\"><span style=\"background-color:#ffffff\">Multiple access routes</span></span></span></span></div>\r\n\r\n<div><span style=\"font-size:18.6667px\"><span style=\"color:#727374\"><span style=\"font-family:Arial,sans-serif\"><span style=\"background-color:#ffffff\">Tared road</span></span></span></span></div>\r\n\r\n<div><span style=\"font-size:18.6667px\"><span style=\"color:#727374\"><span style=\"font-family:Arial,sans-serif\"><span style=\"background-color:#ffffff\">Constant electricity.</span></span></span></span></div>\r\n\r\n<div>&nbsp;</div>\r\n\r\n<div><span style=\"color:#727374\"><span style=\"font-family:Arial,Helvetica,sans-serif\"><span style=\"font-size:18.6667px\"><span style=\"background-color:#ffffff\">TITLE DOCUMENTS</span></span></span></span></div>\r\n\r\n<div><span style=\"font-family:&quot;Times New Roman&quot;,serif\"><span style=\"font-family:Arial,sans-serif\"><span style=\"color:#727374\"><span style=\"font-size:18.6667px\">Deed of assignment, Power of Attorney, Registered Survey Plan, Contract of Sale, Purchase receipt</span></span></span></span><span style=\"font-size:12pt\"><span style=\"font-family:&quot;Times New Roman&quot;,serif\"><span style=\"font-size:14pt\"><span style=\"font-family:Arial,sans-serif\">&nbsp;</span></span></span></span></div>\r\n\r\n<div>&nbsp;</div>\r\n\r\n<div><span style=\"color:#727374; font-family:Arial, sans-serif\"><span style=\"font-size:18.6667px\">Currently selling&nbsp;</span></span><span style=\"font-size:18.6667px\"><span style=\"color:#727374\"><span style=\"font-family:Arial,sans-serif\"><span style=\"background-color:#ffffff\">350sqm for 6m, 450sqm 9m, 500sqm 10m</span></span></span></span></div>", "service": 2, "video": "", "priority": 100, "date": "2023-06-26T15:09:51Z", "product_images": [3, 4]}}, {"model": "main.product", "pk": "B02", "fields": {"name": "CITY OF DAVID", "slug": "city-of-david", "content": "<p><span style=\"font-size:11pt\"><span style=\"font-family:Calibri,sans-serif\"><strong><em><span style=\"font-size:14.0pt\">Where Exquisite Luxury and Unmatched Sophistication Define Your Extraordinary Lifestyle</span></em></strong></span></span></p>\r\n\r\n<p><span style=\"font-size:11pt\"><span style=\"font-family:Calibri,sans-serif\"><span style=\"font-size:14.0pt\">Welcome to city of David estate, where dreams of a truly extraordinary lifestyle become a remarkable reality. Nestled in the heart of Enugu, the coal city, this exclusive residential haven sets the stage for a life defined by </span></span></span><span style=\"font-size:11pt\"><span style=\"font-family:Calibri,sans-serif\"><span style=\"font-size:14.0pt\">Exquisite luxury,&nbsp;</span></span></span><span style=\"font-size:11pt\"><span style=\"font-family:Calibri,sans-serif\"><span style=\"font-size:14.0pt\">Unmatched sophistication,&nbsp;</span></span></span><span style=\"font-size:11pt\"><span style=\"font-family:Calibri,sans-serif\"><span style=\"font-size:14.0pt\">Unrivalled exclusivity,&nbsp;</span></span></span><span style=\"font-size:11pt\"><span style=\"font-family:Calibri,sans-serif\"><span style=\"font-size:14.0pt\">Comfort and&nbsp;</span></span></span><span style=\"font-size:11pt\"><span style=\"font-family:Calibri,sans-serif\"><span style=\"font-size:14.0pt\">Unforgettable legacy</span></span></span></p>\r\n\r\n<p><big>LOCATION<span style=\"font-size:11pt\"><span style=\"font-family:Calibri,sans-serif\"><span style=\"font-size:14.0pt\"> </span></span></span></big></p>\r\n\r\n<p><big><span style=\"font-size:11pt\"><span style=\"font-family:Calibri,sans-serif\"><span style=\"font-size:14.0pt\">Centenary city Enugu.</span></span></span></big></p>\r\n\r\n<p><big><span style=\"font-size:11pt\"><span style=\"font-family:Calibri,sans-serif\"><span style=\"font-size:14.0pt\">NEIGHBORHOOD</span></span></span></big></p>\r\n\r\n<p><span style=\"font-size:11pt\"><span style=\"font-family:Calibri,sans-serif\"><span style=\"font-size:14.0pt\">Almond Garden, Divine Hectares Estate, Diaspora Estate, Potters Lifestyle Estate.</span></span></span></p>\r\n\r\n<p><big>KEY FEATURES</big></p>\r\n\r\n<p><big>Secured Community</big></p>\r\n\r\n<p><big>Good Topography</big></p>\r\n\r\n<p><big>Tared Road</big></p>\r\n\r\n<p><big>Multiple Access Routes</big></p>\r\n\r\n<p><big>Constant Electricity</big></p>\r\n\r\n<p><span style=\"font-size:11pt\"><span style=\"font-family:Calibri,sans-serif\"><span style=\"font-size:14.0pt\">City of David Estate is a registered Estate (Layout), has registered survey plan and title, Estate certificate and allocation paper and C of O (INV)</span></span></span></p>\r\n\r\n<p><span style=\"font-size:11pt\"><span style=\"font-family:Calibri,sans-serif\"><span style=\"font-size:14.0pt\">This Estate is currently selling at&nbsp;</span><span style=\"font-size:14.0pt\"><span style=\"font-family:&quot;Agency FB&quot;,sans-serif\">#</span></span><span style=\"font-size:14.0pt\"> 36,000 per sqm with the flexible option of purchasing from 450sqm. </span></span></span></p>", "service": 2, "video": "", "priority": 99, "date": "2023-06-23T15:33:01Z", "product_images": [5, 6]}}, {"model": "main.product", "pk": "NipH1x", "fields": {"name": "new product", "slug": "new-product", "content": "<p>Bethel City Estate boasts an array of exquisite features and modern facilities that will exceed your expectations. Located in the heart of Enugu, Bethel City Estate enjoys the added advantage of being a neighbor to the popular Centenary City Enugu. This strategic location ensures that you have access to a wealth of opportunities, making it an ideal choice for investors looking for high returns. The proximity to Centenary City offers the potential for increased proper</p>", "service": 5, "video": "", "priority": 0, "date": "2023-06-25T18:31:02Z", "product_images": [1, 2]}}, {"model": "main.blog", "pk": 2, "fields": {"title": "The dynamic trends surrounding real estate in Nigeria", "author": "ozil", "slug": "the-dynamic-trends-surrounding-real-estate-in-nigeria", "image": "media/images/waterfront_house_fqoojy", "content": "<p>In Nigeria today, there is the surging demand for affordable housing and properties within the cities and on the other hand, there is also the growing demand for high-end residential and commercial properties in major cities like Lagos, the FCT and in Enugu state, these places are known for attractive investment opportunities with the potential of very high return on investments and the added advantage of relative safety and tranquility.</p>\r\n\r\n<p>These trends are primarily due to the continuous rise in population across the country, the demand for flexibility to accommodate the housing needs of both the lower- and middle-class earners, the impact of foreign investments and the ever-fluctuating nature of the nation&rsquo;s economy. Every astute investor and sharp-witted Nigerian are hedging against inflation by channeling their resources to real estate as guaranteed means of appreciation because even banks seem to be failing in this regard.</p>\r\n\r\n<p>While these trends may seem divergent, <a href=\"http://www.bomachgroup.com\" style=\"color:#0563c1; text-decoration:underline\">Bomach Shelters and Properties</a>, a leading brand in the real estate industry, is committed to bridging the gap and catering to both segments of the market within Enugu&#39;s urban locations.</p>\r\n\r\n<p>Bomach Shelters and Properties recognizes these needs and is dedicated to providing affordable yet luxurious homes and properties within Enugu&#39;s urban areas. By offering cost-effective solutions without compromising on quality and comfort, Bomach ensures that individuals and families can find their dream homes and properties at a price they can afford. We equally understand the aspirations of discerning buyers and investors looking for luxurious properties in prime locations. By incorporating high-end features and amenities, our properties within Enugu urban are designed to meet the expectations of those seeking exclusivity and sophistication.</p>\r\n\r\n<p>One notable advantage of Bomach&#39;s properties in Enugu is their strategic locations. With multiple access routes, residents can enjoy convenient connectivity and quick commutes to various parts of Enugu. Whether it&#39;s for work, education, or recreation, the properties are just a few minutes&#39; drive away from any destination within the city. This accessibility further enhances the appeal and desirability of our offerings.</p>\r\n\r\n<p>Enugu urban is well known for its relative safety and tranquility and offers rapid appreciation in terms of property value, so take advantage of this opportunity and secure early access to our properties.<br />\r\nGet in touch with us today @ <a href=\"http://www.bomachgroup.com\" style=\"color:#0563c1; text-decoration:underline\">www.bomachgroup.com</a> let&rsquo;s discuss your requirements, and help you make informed decisions in a competitive market. Don&#39;t miss the chance to secure a property that meets your needs while beating the rising inflation in Nigeria&#39;s economy.</p>\r\n\r\n<p>&nbsp;</p>", "priority": 100, "date": "2023-06-21T13:32:08Z"}}, {"model": "main.blog", "pk": 3, "fields": {"title": "Introducing Bethel City Estate: Your Perfect investment Opportunity in Enugu!", "author": "Ozil", "slug": "introducing-bethel-city-estate-your-perfect-investment-opportunity-in-enugu", "image": "media/images/IMG-20230623-WA0009_mnsrfb", "content": "<p>Are you looking for a prime investment opportunity that offers both affordability and rapid appreciation? Look no further than Bethel City Estate, the latest masterpiece brought to you by Bomach Group. Nestled in the serene surroundings of Enugu, this prestigious estate offers an unbeatable combination of affordability, modern facilities, and a friendly environment, making it the ideal choice for astute investors like you.</p>\r\n\r\n<p>One of the most compelling reasons to invest in Bethel City Estate is its affordability. We understand that making a wise investment requires balancing your financial goals with the quality of the property. With Bethel City Estate, we have ensured that you don&#39;t have to compromise on either aspect. Our commitment to providing affordable yet high-quality homes set us apart from the rest.</p>\r\n\r\n<p>But affordability doesn&#39;t mean you have to compromise on luxury or comfort. Bethel City Estate boasts an array of exquisite features and modern facilities that will exceed your expectations. From well-designed and spacious homes to top-notch amenities such as a state-of-the-art gym, swimming pool, children&#39;s play area, and landscaped gardens, every aspect of Bethel City Estate has been meticulously planned to offer a truly enriching lifestyle. Located in the heart of Enugu, Bethel City Estate enjoys the added advantage of being a neighbor to the popular Centenary City Enugu. This strategic location ensures that you have access to a wealth of opportunities, making it an ideal choice for investors looking for high returns. The proximity to Centenary City offers the potential for increased property value and endless business prospects in the future.</p>\r\n\r\n<p>Additionally, the serene environment surrounding Bethel City Estate provides a tranquil and peaceful living experience. Imagine waking up to the melodious chirping of birds and the gentle rustling of leaves. At Bethel City Estate, you can escape the hustle and bustle of the city while still enjoying convenient access to all essential amenities and major transportation routes.</p>\r\n\r\n<p>As a product of Bomach Group, a renowned name in the real estate industry, Bethel City Estate comes with a promise of quality and reliability. We have a track record of delivering exceptional projects that stand the test of time. When you invest in Bethel City Estate, you can rest assured that you are investing in a secure</p>\r\n\r\n<p>and profitable venture. Don&rsquo;t miss out on this golden opportunity to invest in Bethel City Estate. The combination of affordability, rapid appreciation, modern facilities, and a serene environment makes it an investment that is hard to resist.</p>\r\n\r\n<p>Contact us today to book your spot in this thriving community and secure your financial future with Bethel City Estate, Enugu&#39;s finest real estate gem!</p>\r\n\r\n<p><a href=\"https://bomach-8gjq.onrender.com/product/bethel-city-estate\">Click here to view Bethel City Estate</a></p>", "priority": 100, "date": "2023-06-22T10:37:49Z"}}, {"model": "main.homeslider", "pk": 1, "fields": {"big_text": "Your trusted Partner for Success", "small_text": "With  decades of experience and a team of industry  professionals, we are committed to delivering  optimum output and efficient results in all our  project endeavours. Our commitment to  utilizing modern technology and state of the art  facilities sets us apart, ensuring that every  service we offer exceeds your expectations.", "image": "media/images/house_DARK_lezocm", "priority": 0, "date": "2023-06-21T07:57:43Z"}}, {"model": "main.homeslider", "pk": 2, "fields": {"big_text": "EXPERIENCE EXCELLENCE", "small_text": "We are your one-stop solution for real  estate services, land services, civil engineering services and construction, digital innovation, and food production. With our competent  team of experts, decades of experience, and a commitment to delivering outstanding results, we are  the premier choice for all your business needs.", "image": "media/images/businessman-leaning-at-dark-blank-space-vector-blue_cs71cj", "priority": 0, "date": "2023-06-21T08:00:44Z"}}, {"model": "main.customerreview", "pk": 1, "fields": {"name": "Emmanuel Max", "review": "I bought a land with them and they served me well", "occupation": "Business man", "priority": 0, "date": "2023-06-22T13:03:02Z"}}, {"model": "main.partnerslider", "pk": 1, "fields": {"company": "N/A", "image": "media/images/bomach-logo_acjges", "priority": 0, "date": "2023-06-21T08:03:58Z"}}, {"model": "main.partnerslider", "pk": 2, "fields": {"company": "N/A", "image": "media/images/engineering_ybj25z", "priority": 0, "date": "2023-06-21T08:04:55Z"}}, {"model": "main.quote", "pk": 2, "fields": {"name": "Emmanuel Nwaegunwa", "phone": "08164926484", "email": "mmnlchidera@gmail.com", "message": "Book", "location": "Enugu", "service": 3, "sub_service": 6, "date": "2023-06-25T12:15:11.441Z"}}, {"model": "main.quote", "pk": 3, "fields": {"name": "Emmanuel Nwaegunwa", "phone": "08164926484", "email": "dbcbnra@gmail.com", "message": "Hdhdjd", "location": "Enugu", "service": 4, "sub_service": 9, "date": "2023-06-25T17:32:40.473Z"}}, {"model": "main.contactus", "pk": 1, "fields": {"name": "Emm chi", "phone": "090557854", "email": "emmanuelnwaegunwa@gmail.com", "message": "I need this or that testing", "location": "Enugu", "date": "2023-06-22T05:37:56.287Z"}}, {"model": "main.booking", "pk": 1, "fields": {"name": "Emmanuel Nwaegunwa", "phone": "+2349077745730", "email": "emmanuelnwaegunwa@gmail.com", "message": "Testing booking", "location": "Enugu", "service": 4, "sub_service": 9, "meeting_time": "2023-06-25T10:03:00Z", "duration_in_minutes": 30, "date": "2023-06-23T10:04:05.001Z"}}, {"model": "main.booking", "pk": 2, "fields": {"name": "Emmanuel Nwaegunwa", "phone": "+2349077745730", "email": "emmanuelnwaegunwa@gmail.com", "message": "Testing", "location": "lagous", "service": 6, "sub_service": null, "meeting_time": "2023-07-12T10:36:00Z", "duration_in_minutes": 30, "date": "2023-06-23T10:36:18.768Z"}}, {"model": "main.booking", "pk": 3, "fields": {"name": "Emmanuel Nwaegunwa", "phone": "+2349077745730", "email": "emmanuelnwaegunwa@gmail.com", "message": "hgbvn", "location": "Enugu state", "service": 4, "sub_service": 9, "meeting_time": "2023-07-12T10:02:00Z", "duration_in_minutes": 30, "date": "2023-06-23T10:37:41.465Z"}}, {"model": "main.email", "pk": 1, "fields": {"email": "benantoto@gmail.com", "is_active": true, "date": "2023-06-25T20:09:21.757Z"}}]