[{"model": "main.service", "pk": 1, "fields": {"name": "REAL ESTATE SERVICES", "slug": "real-estate-services", "image": "images/20221027_205432_0000.png", "content": "<p>Consectetuer elementum ipsum habitant platea consectetuer, ridiculus gravida ultrices orci diseu son ciosqu dapibus nec mus metus parturient tincidunt adipiscing. Venenatis feugiat. Senectus, lorem ullam corper dui parturient habitasse proin. Faucibus mollis. Ultrices cubilia amet dignissim facilisi lacus ullam corper, mollis donec tempus mattis risus ascetur varius proin mollis magnis malesuada turpis hymenae os elementum. Risus urna maecenas iaculis nec bibendum habitant nonummy sodales, convallis curabi tur. Dignissim dis imperdiet varius hymenaeos interdum eleifend.</p>\r\n\r\n<p>Ridiculus gravida ultrices orci diseu son ciosqu dapibus nec mus metus parturient tincidunt adipiscing Venenatis feugiat. Senectus, lorem ullam corper dui parturient habitasse proin. Faucibus mollis. Ultrices cubilia amet dignissim facilisi lacus ullam corper mollis donec tempus mattis risus ascetur varius proin mollis magnis malesuada turpis hymenae os elementum.</p>", "rating": 80, "priority": 6, "date": "2023-06-20T09:04:17Z"}}, {"model": "main.service", "pk": 2, "fields": {"name": "WEB DEVELOPMENT / BUSINESS AUTOMATION", "slug": "web-development-business-automation", "image": "images/20221027_014510_0000_AvWLO4Y.png", "content": "<p>Consectetuer elementum ipsum habitant platea consectetuer, ridiculus gravida ultrices orci diseu son ciosqu dapibus nec mus metus parturient tincidunt adipiscing. Venenatis feugiat. Senectus, lorem ullam corper dui parturient habitasse proin. Faucibus mollis. Ultrices cubilia amet dignissim facilisi lacus ullam corper, mollis donec tempus mattis risus ascetur varius proin mollis magnis malesuada turpis hymenae os elementum. Risus urna maecenas iaculis nec bibendum habitant nonummy sodales, convallis curabi tur. Dignissim dis imperdiet varius hymenaeos interdum eleifend.</p>\r\n\r\n<p>Ridiculus gravida ultrices orci diseu son ciosqu dapibus nec mus metus parturient tincidunt adipiscing Venenatis feugiat. Senectus, lorem ullam corper dui parturient habitasse proin. Faucibus mollis. Ultrices cubilia amet dignissim facilisi lacus ullam corper mollis donec tempus mattis risus ascetur varius proin mollis magnis malesuada turpis hymenae os elementum.</p>", "rating": 80, "priority": 3, "date": "2023-06-20T09:06:00Z"}}, {"model": "main.service", "pk": 3, "fields": {"name": "LAND SERVICES", "slug": "land-services", "image": "images/20221027_014510_0000_c8YqbKB.png", "content": "<p>Consectetuer elementum ipsum habitant platea consectetuer, ridiculus gravida ultrices orci diseu son ciosqu dapibus nec mus metus parturient tincidunt adipiscing. Venenatis feugiat. Senectus, lorem ullam corper dui parturient habitasse proin. Faucibus mollis. Ultrices cubilia amet dignissim facilisi lacus ullam corper, mollis donec tempus mattis risus ascetur varius proin mollis magnis malesuada turpis hymenae os elementum. Risus urna maecenas iaculis nec bibendum habitant nonummy sodales, convallis curabi tur. Dignissim dis imperdiet varius hymenaeos interdum eleifend.</p>\r\n\r\n<p>Ridiculus gravida ultrices orci diseu son ciosqu dapibus nec mus metus parturient tincidunt adipiscing Venenatis feugiat. Senectus, lorem ullam corper dui parturient habitasse proin. Faucibus mollis. Ultrices cubilia amet dignissim facilisi lacus ullam corper mollis donec tempus mattis risus ascetur varius proin mollis magnis malesuada turpis hymenae os elementum.</p>", "rating": 80, "priority": 5, "date": "2023-06-20T09:24:16Z"}}, {"model": "main.service", "pk": 4, "fields": {"name": "CIVIL ENGINEERING SERVICES", "slug": "civil-engineering-services", "image": "images/20221027_205432_0000_dNTtmC2.png", "content": "<p>Consectetuer elementum ipsum habitant platea consectetuer, ridiculus gravida ultrices orci diseu son ciosqu dapibus nec mus metus parturient tincidunt adipiscing. Venenatis feugiat. Senectus, lorem ullam corper dui parturient habitasse proin. Faucibus mollis. Ultrices cubilia amet dignissim facilisi lacus ullam corper, mollis donec tempus mattis risus ascetur varius proin mollis magnis malesuada turpis hymenae os elementum. Risus urna maecenas iaculis nec bibendum habitant nonummy sodales, convallis curabi tur. Dignissim dis imperdiet varius hymenaeos interdum eleifend.</p>\r\n\r\n<p>Ridiculus gravida ultrices orci diseu son ciosqu dapibus nec mus metus parturient tincidunt adipiscing Venenatis feugiat. Senectus, lorem ullam corper dui parturient habitasse proin. Faucibus mollis. Ultrices cubilia amet dignissim facilisi lacus ullam corper mollis donec tempus mattis risus ascetur varius proin mollis magnis malesuada turpis hymenae os elementum.</p>", "rating": 80, "priority": 4, "date": "2023-06-20T09:25:32Z"}}, {"model": "main.service", "pk": 5, "fields": {"name": "LOGISTICS AND COURIER SERVICES", "slug": "logistics-and-courier-services", "image": "images/20221027_014510_0000_tqRQmZs.png", "content": "<p>Consectetuer elementum ipsum habitant platea consectetuer, ridiculus gravida ultrices orci diseu son ciosqu dapibus nec mus metus parturient tincidunt adipiscing. Venenatis feugiat. Senectus, lorem ullam corper dui parturient habitasse proin. Faucibus mollis. Ultrices cubilia amet dignissim facilisi lacus ullam corper, mollis donec tempus mattis risus ascetur varius proin mollis magnis malesuada turpis hymenae os elementum. Risus urna maecenas iaculis nec bibendum habitant nonummy sodales, convallis curabi tur. Dignissim dis imperdiet varius hymenaeos interdum eleifend.</p>\r\n\r\n<p>Ridiculus gravida ultrices orci diseu son ciosqu dapibus nec mus metus parturient tincidunt adipiscing Venenatis feugiat. Senectus, lorem ullam corper dui parturient habitasse proin. Faucibus mollis. Ultrices cubilia amet dignissim facilisi lacus ullam corper mollis donec tempus mattis risus ascetur varius proin mollis magnis malesuada turpis hymenae os elementum.</p>", "rating": 80, "priority": 2, "date": "2023-06-20T09:26:07Z"}}, {"model": "main.service", "pk": 6, "fields": {"name": "FOOD AND FARMS", "slug": "food-and-farms", "image": "images/20221027_014510_0000_Iiy6dsg.png", "content": "<p>Consectetuer elementum ipsum habitant platea consectetuer, ridiculus gravida ultrices orci diseu son ciosqu dapibus nec mus metus parturient tincidunt adipiscing. Venenatis feugiat. Senectus, lorem ullam corper dui parturient habitasse proin. Faucibus mollis. Ultrices cubilia amet dignissim facilisi lacus ullam corper, mollis donec tempus mattis risus ascetur varius proin mollis magnis malesuada turpis hymenae os elementum. Risus urna maecenas iaculis nec bibendum habitant nonummy sodales, convallis curabi tur. Dignissim dis imperdiet varius hymenaeos interdum eleifend.</p>\r\n\r\n<p>Ridiculus gravida ultrices orci diseu son ciosqu dapibus nec mus metus parturient tincidunt adipiscing Venenatis feugiat. Senectus, lorem ullam corper dui parturient habitasse proin. Faucibus mollis. Ultrices cubilia amet dignissim facilisi lacus ullam corper mollis donec tempus mattis risus ascetur varius proin mollis magnis malesuada turpis hymenae os elementum.</p>", "rating": 80, "priority": 1, "date": "2023-06-20T09:26:58Z"}}, {"model": "main.subservice", "pk": 1, "fields": {"name": "ihjsdhjdsjkd", "service": 1, "slug": "ihjsdhjdsjkd", "image": "images/20221027_205432_0000_o19eKRM.png", "content": "<p>mndfnmndf&nbsp;</p>\r\n\r\n<p>&nbsp;</p>\r\n\r\n<p>sdjndfndfndmf</p>\r\n\r\n<p>&nbsp;</p>\r\n\r\n<p>fdnmdkfnmmksdfmsd</p>", "rating": 80, "priority": 0, "date": "2023-06-21T08:43:28Z"}}, {"model": "main.subservice", "pk": 2, "fields": {"name": "kjdffkfd", "service": 2, "slug": "kjdffkfd", "image": "images/20221027_014510_0000_ZORL5rn.png", "content": "<p>m,ds,mf ,fd,mkdfmdfm,sds</p>", "rating": 80, "priority": 0, "date": "2023-06-21T08:44:50Z"}}, {"model": "main.subservice", "pk": 3, "fields": {"name": "new one", "service": 2, "slug": "new-one", "image": "images/20221027_014510_0000_AlMqziO.png", "content": "<p>&nbsp;dfmk, mdf,mm, dfm,df</p>", "rating": 80, "priority": 0, "date": "2023-06-21T10:37:08Z"}}, {"model": "main.subservice", "pk": 4, "fields": {"name": "real one", "service": 1, "slug": "real-one", "image": "images/20221027_205432_0000_HuyyXh0.png", "content": "<p>sdnmnsmns&nbsp; dfsdf</p>", "rating": 80, "priority": 0, "date": "2023-06-21T10:38:50Z"}}, {"model": "main.project", "pk": 1, "fields": {"name": "First Project", "slug": "first-project", "sub_service": 1, "image": "", "min_budget": "5.0000", "max_budget": "10.0000", "feedback": "Great job", "content": "<div>\r\n<div>\r\n<p>Lorem ipsum, dolor sit amet consectetur adipisicing elit. Molestiae quos neque ducimus obcaecati qui! Facere, veritatis! Et voluptas, atque accusamus neque harum sunt quod, optio illo, accusantium sapiente voluptatum ex.</p>\r\n</div>\r\n\r\n<div>\r\n<p>Lorem ipsum, dolor sit amet consectetur adipisicing elit. Molestiae quos neque ducimus obcaecati qui! Facere, veritatis! Et voluptas, atque accusamus neque harum sunt quod, optio illo, accusantium sapiente voluptatum ex.</p>\r\n</div>\r\n</div>", "priority": 0, "date": "2023-06-18T16:04:33Z"}}, {"model": "main.project", "pk": 2, "fields": {"name": "Second project", "slug": "second-project", "sub_service": 2, "image": "", "min_budget": "1000000.0000", "max_budget": "99999999.0000", "feedback": "Cool site", "content": "<p>Lorem ipsum, dolor sit amet consectetur adipisicing elit. Molestiae quos neque ducimus obcaecati qui! Facere, veritatis! Et voluptas, atque accusamus neque harum sunt quod, optio illo, accusantium sapiente voluptatum ex.</p>\r\n\r\n<p>&nbsp;</p>\r\n\r\n<p>Lorem ipsum, dolor sit amet consectetur adipisicing elit. Molestiae quos neque ducimus obcaecati qui! Facere, veritatis! Et voluptas, atque accusamus neque harum sunt quod, optio illo, accusantium sapiente voluptatum ex.</p>", "priority": 0, "date": "2023-06-18T16:05:29Z"}}, {"model": "main.project", "pk": 3, "fields": {"name": "Third project", "slug": "third-project", "sub_service": 2, "image": "images/music55.webp", "min_budget": "26.5000", "max_budget": "856.7420", "feedback": "Nice service", "content": "<p>Lorem ipsum dolor sit amet consectetur adipisicing elit. Suscipit cum veritatis maxime nam perspiciatis quos aut nostrum, accusantium accusamus. Eaque, laudantium. Nulla minima temporibus fugit unde neque natus illum saepe.</p>", "priority": 0, "date": "2023-06-19T09:17:30Z"}}, {"model": "main.project", "pk": 4, "fields": {"name": "fourth", "slug": "fourth", "sub_service": 1, "image": "images/20221027_014510_0000.png", "min_budget": "56.0000", "max_budget": "78.0000", "feedback": "Really good I love the app", "content": "<p>Lorem ipsum dolor sit amet consectetur adipisicing elit. Suscipit cum veritatis maxime nam perspiciatis quos aut nostrum, accusantium accusamus. Eaque, laudantium. Nulla minima temporibus fugit unde neque natus illum saepe.</p>", "priority": 0, "date": "2023-06-19T09:59:06Z"}}, {"model": "main.product", "pk": 1, "fields": {"name": "product one", "slug": "product-one", "content": "<p>One product makes a good product to be good what am i saying</p>", "service": 1, "image": "images/20221027_205432_0000_bggfeDK.png", "priority": 0, "date": "2023-06-21T17:47:34Z"}}, {"model": "main.product", "pk": 2, "fields": {"name": "Product two", "slug": "product-two", "content": "<p>Product two&nbsp;Product Product two&nbsp;Product twoProduct two&nbsp;Product twoProduct two two</p>", "service": null, "image": "images/20221027_014510_0000_5kXRneB.png", "priority": 0, "date": "2023-06-21T17:49:15Z"}}, {"model": "main.product", "pk": 3, "fields": {"name": "Top product", "slug": "top-product", "content": "<p>This this the top productThis this the top product&nbsp;This this the top product&nbsp;This this the top product&nbsp;This this the top product</p>", "service": 3, "image": "images/auto_trader_code.png", "priority": 100, "date": "2023-06-21T17:54:55Z"}}, {"model": "main.product", "pk": 4, "fields": {"name": "bla bla", "slug": "bla-bla", "content": "<p>bllllllla llalaallfdmdf df&nbsp; dnlksakjas ndssdnkjdskjdsdfdf</p>", "service": 3, "image": "images/c48070a6e60e401495a99dad7c9ba335.jpg", "priority": 0, "date": "2023-06-21T17:56:46Z"}}, {"model": "main.blog", "pk": 1, "fields": {"title": "First blog post", "author": "Bomach", "slug": "first-blog-post", "image": "", "content": "<p>Lorem, ipsum dolor sit amet consectetur adipisicing elit. Ipsa suscipit quaerat amet deleniti possimus, tenetur eius ratione nam modi dicta itaque, voluptatibus minus, iste qui libero est veritatis iure hic.</p>", "priority": 0, "date": "2023-06-18T15:32:02Z"}}, {"model": "main.blog", "pk": 2, "fields": {"title": "Second blog post", "author": "Bomach group", "slug": "second-blog-post", "image": "", "content": "<p><strong>Lorem, ipsum dolor sit amet consectetu</strong>r adipisicing elit. Ipsa suscipit quaerat amet deleniti possimus, tenetur eius ratione nam modi dicta itaque, voluptatibus minus, iste qui libero est veritatis iure hic.</p>\r\n\r\n<p>&nbsp;</p>\r\n\r\n<p>fdjkjhdf dkfjkjd j jdfkj df<strong>Lorem, ipsum dolor sit amet consectetu</strong>r adipisicing elit. Ipsa suscipit quaerat amet deleniti possimus, tenetur eius ratione nam modi dicta itaque, voluptatibus minus, iste qui libero est veritatis iure hic.</p>\r\n\r\n<p>&nbsp;</p>\r\n\r\n<p><strong>Lorem, ipsum dolor sit amet consectetu</strong>r adipisicing elit. Ipsa suscipit quaerat amet deleniti possimus, tenetur eius ratione nam modi dicta itaque, voluptatibus minus, iste qui libero est veritatis iure hic.</p>\r\n\r\n<p>&nbsp;</p>\r\n\r\n<p>fdjkjhdf dkfjkjd j jdfkj df<strong>Lorem, ipsum dolor sit amet consectetu</strong>r adipisicing elit. Ipsa suscipit quaerat amet deleniti possimus, tenetur eius ratione nam modi dicta itaque, voluptatibus minus, iste qui libero est veritatis iure hic.</p>", "priority": 0, "date": "2023-06-18T15:33:13Z"}}, {"model": "main.blog", "pk": 3, "fields": {"title": "dshhjds dmhjhjmds nm", "author": "n sdsn", "slug": "dshhjds-dmhjhjmds-nm", "image": "", "content": "<p>nmsdmdmm,fd</p>", "priority": 0, "date": "2023-06-21T14:48:41Z"}}, {"model": "main.homeslider", "pk": 1, "fields": {"big_text": "Get the Best", "small_text": "Welcome to BOMACH GROUP, the epitome of competence, expertise, and innovation.", "image": "images/real_estate.jpeg", "priority": 0, "date": "2023-06-20T09:52:21Z"}}, {"model": "main.homeslider", "pk": 2, "fields": {"big_text": "Awesome Services", "small_text": "Over a decade experience in businesses development around Real estate, ICT, Civil Engineering, Land, Agriculture and Food commodities, Health and business solution services to name a few", "image": "images/engineering.jpeg", "priority": 0, "date": "2023-06-20T09:55:38Z"}}, {"model": "main.homeslider", "pk": 3, "fields": {"big_text": "We have all it takes", "small_text": "Over a decade experience in businesses development around Real estate, ICT, Civil Engineering, Land, Agriculture and Food commodities, Health and business solution services to name a few", "image": "images/20221027_014510_0000_XOjQAtD.png", "priority": 0, "date": "2023-06-20T14:33:04Z"}}, {"model": "main.customerreview", "pk": 1, "fields": {"name": "Maxzeno Emma", "review": "Gravida augue erat nullam id tellus mattis vehicula facilisic aliquet euismos litora ullamcorper morbina suspendisse vitae vestibulum eros vitae. pede nullam nullas ultricies corne mone molestie erate montes adipiscing leoest magnis imperdiet fermentum auctor hymenae laoren", "occupation": "Software dev", "priority": 0, "date": "2023-06-20T09:34:55Z"}}, {"model": "main.customerreview", "pk": 2, "fields": {"name": "Chika Ebuka", "review": "augue erat nullam id tellus mattis vehicula facilisic aliquet euismos litora ullamcorper morbina suspendisse vitae vestibulum eros vitae. pede nullam nullas ultricies corne mone molestie erate montes adipiscing leoest magnis imperdiet fermentum auctor hymenae laoren", "occupation": "House Wife", "priority": 0, "date": "2023-06-20T09:47:36Z"}}, {"model": "main.customerreview", "pk": 3, "fields": {"name": "Chidera John", "review": "erat nullam id tellus mattis vehicula facilisic aliquet euismos litora ullamcorper morbina suspendisse vitae vestibulum eros vitae. pede nullam nullas ultricies corne mone molestie erate montes adipiscing leoest magnis imperdiet fermentum auctor hymenae laoren", "occupation": "Plumber", "priority": 0, "date": "2023-06-20T09:48:11Z"}}, {"model": "main.employee", "pk": 1, "fields": {"name": "Emmanuel Max", "job_title": "Software dev", "facebook": null, "twitter": null, "instagram": null, "image": "images/20221027_014510_0000_gKE2hJk.png", "priority": 0, "date": "2023-06-20T09:49:47Z"}}, {"model": "main.employee", "pk": 2, "fields": {"name": "Godwin Victor", "job_title": "Marketer", "facebook": "https://facebook.com", "twitter": null, "instagram": "https://instagram.com", "image": "images/20221027_205432_0000_YGngwRZ.png", "priority": 0, "date": "2023-06-20T09:50:35Z"}}, {"model": "main.partnerslider", "pk": 1, "fields": {"company": "Google", "image": "images/bomach-logo.jpeg", "priority": 0, "date": "2023-06-20T10:00:06Z"}}, {"model": "main.partnerslider", "pk": 2, "fields": {"company": "N/A", "image": "images/bomach-logo_uMoaNSF.jpeg", "priority": 0, "date": "2023-06-20T10:01:32Z"}}, {"model": "main.partnerslider", "pk": 3, "fields": {"company": "Brand three", "image": "images/bomach-logo_C96d1fo.jpeg", "priority": 0, "date": "2023-06-20T12:04:23Z"}}, {"model": "main.quote", "pk": 1, "fields": {"name": "Emmanuel Nwaegunwa", "phone": "+2349077745730", "email": "emmanuelnwaegunwa@gmail.com", "message": "wdnmsds  dsf", "location": "N/A", "service": 2, "sub_service": null, "date": "2023-06-20T18:39:00.907Z"}}, {"model": "main.quote", "pk": 2, "fields": {"name": "Emmanuel Nwaegunwa", "phone": "+2349077745730", "email": "emmanuelnwaegunwa@gmail.com", "message": "jhmnnm", "location": "N/A", "service": 1, "sub_service": null, "date": "2023-06-20T18:39:42.118Z"}}, {"model": "main.quote", "pk": 3, "fields": {"name": "Emmanuel Nwaegunwa", "phone": "+2349077745730", "email": "emmanuelnwaegunwa@gmail.com", "message": "sdmnsd sd", "location": "N/A", "service": 1, "sub_service": null, "date": "2023-06-20T18:40:01.817Z"}}, {"model": "main.quote", "pk": 4, "fields": {"name": "Emmanuel Nwaegunwa", "phone": "09077745730", "email": "emmanuelnwaegunwa@gmail.com", "message": "nmmnsd", "location": "N/A", "service": 1, "sub_service": null, "date": "2023-06-20T18:40:43.437Z"}}, {"model": "main.quote", "pk": 5, "fields": {"name": "Emmanuel Nwaegunwa", "phone": "09077745730", "email": "emmanuelnwaegunwa@gmail.com", "message": "smnsdsd", "location": "N/A", "service": 6, "sub_service": null, "date": "2023-06-20T18:48:46.580Z"}}, {"model": "main.quote", "pk": 6, "fields": {"name": "Emmanuel Nwaegunwa", "phone": "09077745730", "email": "emmanuelnwaegunwa@gmail.com", "message": "bmn", "location": "N/A", "service": 4, "sub_service": null, "date": "2023-06-20T18:58:36.834Z"}}, {"model": "main.quote", "pk": 7, "fields": {"name": "Emmanuel Nwaegunwa", "phone": "09077745730", "email": "emmanuelnwaegunwa@gmail.com", "message": "bnbbnb", "location": "N/A", "service": 3, "sub_service": null, "date": "2023-06-20T19:17:14.177Z"}}, {"model": "main.quote", "pk": 8, "fields": {"name": "Emmanuel Nwaegunwa00", "phone": "0907774573000", "email": "emmanuelnwaegunwa@gmail.com00", "message": "bncmnmsd max00", "location": "N/A", "service": 4, "sub_service": null, "date": "2023-06-21T05:54:04.277Z"}}, {"model": "main.quote", "pk": 9, "fields": {"name": "Emmanuel", "phone": "+2349077745730", "email": "emmanuelnwaegunwa@gmail.com", "message": "nmmndfnddfdfn", "location": "Enugu state", "service": 1, "sub_service": 1, "date": "2023-06-21T09:27:23.848Z"}}, {"model": "main.quote", "pk": 10, "fields": {"name": "Emmanuel Nwaegunwa", "phone": "+2349077745730", "email": "emmanuelnwaegunwa@gmail.com", "message": "mb bnmn", "location": "lagous", "service": 1, "sub_service": 1, "date": "2023-06-21T11:06:25.922Z"}}, {"model": "main.quote", "pk": 11, "fields": {"name": "Emmanuel Nwaegunwa", "phone": "+2349077745730", "email": "emmanuelnwaegunwa@gmail.com", "message": "dfndmn", "location": "jj", "service": 1, "sub_service": 1, "date": "2023-06-21T11:18:00.069Z"}}, {"model": "main.quote", "pk": 12, "fields": {"name": "Emmanuel Nwaegunwa", "phone": "+2349077745730", "email": "emmanuelnwaegunwa@gmail.com", "message": "hjjhhj", "location": "kjjk", "service": 1, "sub_service": 1, "date": "2023-06-21T11:42:22.953Z"}}, {"model": "main.quote", "pk": 13, "fields": {"name": "Emmanuel Nwaegunwa", "phone": "+2349077745730", "email": "emmanuelnwaegunwa@gmail.com", "message": "sdggf", "location": "sfddf", "service": 2, "sub_service": 3, "date": "2023-06-21T11:50:27.354Z"}}, {"model": "main.quote", "pk": 14, "fields": {"name": "Emmanuel Nwaegunwa", "phone": "+2349077745730", "email": "emmanuelnwaegunwa@gmail.com", "message": "mnmnmdsfnd", "location": "mnsdnmnsd", "service": 2, "sub_service": 3, "date": "2023-06-21T12:13:52.494Z"}}, {"model": "main.quote", "pk": 15, "fields": {"name": "Emmanuel Nwaegunwa", "phone": "+2349077745730", "email": "emmanuelnwaegunwa@gmail.com", "message": "Naija", "location": "Nigeria", "service": 2, "sub_service": 2, "date": "2023-06-21T12:15:36.004Z"}}, {"model": "main.quote", "pk": 16, "fields": {"name": "Emmanuel Nwaegunwa", "phone": "+2349077745730", "email": "emmanuelnwaegunwa@gmail.com", "message": "khsd dkshsmdnsdm", "location": "dssf", "service": 2, "sub_service": 3, "date": "2023-06-21T14:12:46.995Z"}}, {"model": "main.quote", "pk": 17, "fields": {"name": "Emmanuel Nwaegunwa", "phone": "+2349077745730", "email": "emmanuelnwaegunwa@gmail.com", "message": "khdksj skdjbsdj,s md", "location": "jkjclzkxzx", "service": 2, "sub_service": 2, "date": "2023-06-21T14:17:56.857Z"}}, {"model": "main.contactus", "pk": 1, "fields": {"name": "Emmanuel Nwaegunwa", "phone": "09077745730", "email": "emmanuelnwaegunwa@gmail.com", "message": "nsdnfddmfmdf", "location": "ddsmn", "date": "2023-06-21T17:36:02.749Z"}}]